Technique,Fold1,Fold2,Fold3,Fold4,Fold5,mean,std
parzen_ecoc_agg,0.47,0.38,0.49,0.51,0.46,0.462,0.044452221541785734
kmeans_max_agg,0.66,0.7,0.59,0.66,0.68,0.658,0.037094473981982824
svdd_max_agg,0.66,0.72,0.76,0.66,0.66,0.692,0.041182520563947986
kmeans_decision_templates_agg,0.66,0.72,0.65,0.66,0.67,0.6719999999999999,0.02481934729198169
svdd_decision_templates_agg,0.68,0.75,0.75,0.73,0.69,0.72,0.029664793948382652
parzen_max_agg,0.72,0.74,0.75,0.71,0.69,0.722,0.02135415650406264
svdd_ecoc_agg,0.39,0.38,0.33,0.44,0.3,0.368,0.04874423042781577
parzen_decision_templates_agg,0.7,0.74,0.72,0.69,0.72,0.7140000000000001,0.01743559577416271
kmeans_ecoc_agg,0.41,0.39,0.33,0.5,0.42,0.41000000000000003,0.054772255750516606
