Technique,Fold1,Fold2,Fold3,Fold4,Fold5,mean,std
parzen_ecoc_agg,0.011695906432748537,0.009746588693957114,0.009746588693957114,0.009746588693957114,0.011695906432748537,0.010526315789473684,0.0009549667613189778
kmeans_max_agg,0.15984405458089668,0.341130604288499,0.4327485380116959,0.4951267056530214,0.49317738791423,0.38440545808966864,0.12548156651351955
svdd_max_agg,0.14619883040935672,0.36062378167641324,0.2807017543859649,0.31773879142300193,0.28460038986354774,0.2779727095516569,0.07187248436919932
kmeans_decision_templates_agg,0.09941520467836257,0.42300194931773877,0.5165692007797271,0.5321637426900585,0.47368421052631576,0.40896686159844053,0.15935073401117003
svdd_decision_templates_agg,0.11306042884990253,0.3742690058479532,0.32943469785575047,0.33528265107212474,0.3157894736842105,0.2935672514619883,0.09232113691503177
parzen_max_agg,0.16569200779727095,0.3937621832358674,0.5321637426900585,0.6140350877192983,0.631578947368421,0.4674463937621832,0.17268534849926168
svdd_ecoc_agg,0.017543859649122806,0.050682261208576995,0.029239766081871343,0.04093567251461988,0.021442495126705652,0.031968810916179334,0.012303886033574657
parzen_decision_templates_agg,0.01949317738791423,0.15789473684210525,0.3508771929824561,0.4775828460038986,0.49902534113060426,0.3009746588693957,0.1858001485049547
kmeans_ecoc_agg,0.01364522417153996,0.05263157894736842,0.07602339181286549,0.06237816764132553,0.06432748538011696,0.05380116959064327,0.021410573438980084
