Technique,Fold1,Fold2,Fold3,Fold4,Fold5,mean,std
parzen_ecoc_agg,0.0,0.0,0.0,0.0,0.0,0.0,0.0
kmeans_max_agg,0.15147712358101728,0.33401700735141615,0.42676942217307157,0.48974630751860637,0.4878037541089367,0.37796272294660965,0.1266251700374895
svdd_max_agg,0.13763312928172555,0.35373305730845017,0.2731590628095746,0.310510349064936,0.27667642516308977,0.27034240472555526,0.07242550635949231
kmeans_decision_templates_agg,0.09015666568134795,0.41679469059177776,0.51141731376299,0.5272252515167806,0.4680875576036866,0.4027362958313166,0.16092452566933055
svdd_decision_templates_agg,0.10391121075544552,0.36757149111689746,0.32225729889162835,0.32820654615836586,0.308489924766985,0.2860872943378644,0.09317937347678888
parzen_max_agg,0.15735744494676973,0.38713915298184953,0.5271489910821958,0.6099248836387656,0.6276855965624364,0.4618512138424034,0.17434964939789968
svdd_ecoc_agg,0.006925159877859355,0.04108837166456847,0.018264822635622013,0.030722438132690155,0.011401326699833958,0.02168042380211479,0.012597384215996188
parzen_decision_templates_agg,0.007912432669350156,0.14941699354432636,0.3442315222148006,0.47180655497116686,0.4938594841122069,0.2934453975023702,0.1880590302121154
kmeans_ecoc_agg,0.0034819663320344585,0.04292881793160086,0.06594347921284238,0.05227317245537988,0.05409454444879824,0.04374439607613116,0.021421453296087217
