Technique,Fold1,Fold2,Fold3,Fold4,Fold5,mean,std
k3,0.6380713838447087,0.6969305331179322,0.6329358685143409,0.5884254768832848,0.5599343185550082,0.6232595161830551,0.04682719915359791
k1,0.7294153657790021,0.7884433217556046,0.66852195423624,0.6857410881801126,0.6778846153846154,0.710001269067115,0.044431142592539365
k0,0.7786327315773898,0.7481203007518797,0.5735071233707185,0.6407506702412868,0.7241051631295534,0.6930231978141655,0.07529579109137723
