Technique,Fold1,Fold2,Fold3,Fold4,Fold5,mean,std
k3,0.6166666666666667,0.6,0.559322033898305,0.559322033898305,0.5932203389830508,0.5857062146892655,0.022854207232266725
k1,0.5833333333333334,0.6,0.6101694915254238,0.559322033898305,0.6101694915254238,0.5925988700564971,0.01931542491128105
k0,0.5,0.4166666666666667,0.5254237288135594,0.576271186440678,0.559322033898305,0.5155367231638418,0.056071845314348036
