Technique,Fold1,Fold2,Fold3,Fold4,Fold5,mean,std
parzen_ecoc_agg,0.022280590526220334,0.015142476942137328,0.030296075281156742,0.03770032603205209,0.014307846532397694,0.023945463062792837,0.00897412445246404
kmeans_max_agg,0.30817610062893086,0.2130661775081134,0.2540733436634268,0.20605092549093296,0.26277029879450264,0.24882736921718135,0.0370213031202047
svdd_max_agg,0.0877700527273576,0.039637439534119245,0.06349206349206338,0.06331611085016442,0.07248296744890248,0.06533972681052143,0.015634972721980705
kmeans_decision_templates_agg,0.36657619945719677,0.4497930328821915,0.38665549972082636,0.3953066914498141,0.4338885270307993,0.40644399010816556,0.0307811845806062
svdd_decision_templates_agg,0.0877700527273576,0.039637439534119245,0.06349206349206338,0.06331611085016442,0.07248296744890248,0.06533972681052143,0.015634972721980705
parzen_max_agg,0.4342762063227953,0.5106939385448772,0.4862260885833217,0.48704179313565255,0.4379332958590968,0.47123426448914874,0.03002182940226083
svdd_ecoc_agg,0.0,0.0,0.0,0.0,0.0,0.0,0.0
parzen_decision_templates_agg,0.27659574468085113,0.2744073175284675,0.28219369894982504,0.2667941780182871,0.22309785158082374,0.2646177581516509,0.021339450668247988
kmeans_ecoc_agg,0.07142526500948931,0.08230238927188605,0.12381580807842774,0.0589401160870181,0.08824357290298368,0.08494543026996097,0.021853333457128442
