Technique,Fold1,Fold2,Fold3,Fold4,Fold5,mean,std
parzen_ecoc_agg,0.023090586145648295,0.026712732788404914,0.42135718043135195,0.6039563988696003,0.05686032138442543,0.22639544392388616,0.24104379747201196
kmeans_max_agg,0.020044543429843964,0.03137039075399006,0.43181818181818177,0.45652851355562474,0.10849840255591059,0.20965200642271023,0.1940480328925193
svdd_max_agg,0.5524256651017214,0.9061032863849765,0.774312679524005,0.7051397655545537,0.8186356073211315,0.7513234007772777,0.11891971282767089
kmeans_decision_templates_agg,0.6103436060928091,0.7651579846285226,0.6646341463414634,0.5634761714056868,0.6952114645228941,0.6597646745982751,0.06942889071480356
svdd_decision_templates_agg,0.5323413300941391,0.6374954229220067,0.7564575645756457,0.5434554973821989,0.684971098265896,0.6309441826479772,0.08496143593951662
parzen_max_agg,0.0033652601604970966,0.31433659839715034,0.6007259528130672,0.6079136690647482,0.367708669029971,0.37881002989308676,0.22224940631126877
svdd_ecoc_agg,0.2843866171003717,0.5906432748538012,0.3188073394495412,0.30053475935828877,0.6640986132511556,0.4316941208026317,0.16181618326334238
parzen_decision_templates_agg,0.10162174775405441,0.7374701670644391,0.48026681489716505,0.48074632790789995,0.3673008706868752,0.43348118566208677,0.20559314687378677
kmeans_ecoc_agg,0.5209380234505863,0.6759941089837997,0.6967608545830462,-9.26784059314123e-05,0.027612574341546403,0.38424257659060945,0.3086651333282735
