Technique,Fold1,Fold2,Fold3,Fold4,Fold5,mean,std
parzen_ecoc_agg,0.4122213596539869,0.3133237346328498,0.434715140767014,0.454828660436137,0.39852973936288705,0.4027237269705749,0.04865907487154562
kmeans_max_agg,0.6223061541879582,0.6654026321659603,0.5425638737030013,0.6221802422491387,0.6440489432703005,0.6193003691152719,0.0415781883261635
svdd_max_agg,0.6216757538666964,0.688646725230735,0.7328286763887344,0.6228089638340358,0.621759928801869,0.6575440096244141,0.045626123187002404
kmeans_decision_templates_agg,0.6228926353149956,0.6885081766603627,0.6092877874525564,0.6224319822320933,0.6326394300345097,0.6351520023389036,0.027692031203356757
svdd_decision_templates_agg,0.6445629234699545,0.7219750889679715,0.7216965379049315,0.699766485043923,0.6550573049961056,0.6886116680765773,0.032858312768205396
parzen_max_agg,0.6886120996441281,0.7106288258208124,0.72166555332888,0.6778135762693034,0.6549421193232413,0.690732434877273,0.02368570710960557
svdd_ecoc_agg,0.3222975224975002,0.3080357142857142,0.25580362101521703,0.37555753791257795,0.21892434724391885,0.29612374859098567,0.05426259947566205
parzen_decision_templates_agg,0.6666666666666667,0.7106610282661918,0.6880917901303332,0.6554789953322961,0.6884735202492211,0.6818744001289418,0.01917741815647756
kmeans_ecoc_agg,0.346983951300498,0.32439915826780363,0.25081068992508126,0.4438883327772216,0.3555555555555555,0.344327537565232,0.06194839458636682
