Technique,Fold1,Fold2,Fold3,Fold4,Fold5,mean,std
parzen_ecoc_agg,0.03757225433526012,0.22254335260115607,0.04046242774566474,0.03768115942028986,0.03768115942028986,0.07518807070453212,0.07368573241956014
kmeans_max_agg,0.7861271676300579,0.684971098265896,0.8092485549132948,0.7855072463768116,0.782608695652174,0.7696925525676468,0.04342678897933811
svdd_max_agg,0.7138728323699421,0.791907514450867,0.7803468208092486,0.8202898550724638,0.8028985507246377,0.7818631146854319,0.03645537422449175
kmeans_decision_templates_agg,0.7485549132947977,0.8901734104046243,0.7485549132947977,0.7014492753623188,0.7246376811594203,0.7626740387031918,0.06610601384170654
svdd_decision_templates_agg,0.7803468208092486,0.9248554913294798,0.6473988439306358,0.6115942028985507,0.7304347826086957,0.7389260283153221,0.1104066734998965
parzen_max_agg,0.7630057803468208,0.8121387283236994,0.8236994219653179,0.8666666666666667,0.9072463768115943,0.8345513948228198,0.049101566120036265
svdd_ecoc_agg,0.7716763005780347,0.7167630057803468,0.6127167630057804,0.6782608695652174,0.7971014492753623,0.7153036776409484,0.06598048557608495
parzen_decision_templates_agg,0.7861271676300579,0.7774566473988439,0.8410404624277457,0.8608695652173913,0.8289855072463768,0.818895869984083,0.032077942167648234
kmeans_ecoc_agg,0.3352601156069364,0.7196531791907514,0.7052023121387283,0.6289855072463768,0.7188405797101449,0.6215883387785877,0.14704052320249603
