Technique,Fold1,Fold2,Fold3,Fold4,Fold5,mean,std
parzen_ecoc_agg,0.0,0.0,0.0,0.0,0.0,0.0,0.0
kmeans_max_agg,0.44014169199483955,0.35345950764588896,0.5539582397406098,0.5370303206151168,0.5987687822729457,0.4966717084538802,0.0883626096785174
svdd_max_agg,0.11288944137984613,0.48225122620334193,0.4412595882115462,0.5405927835051547,0.5380252845496436,0.42300366476990653,0.1594186674684133
kmeans_decision_templates_agg,0.2829271778746517,0.7597573454173366,0.50014944704593,0.4729465159740144,0.5071354456457993,0.5045831863915464,0.15183694447212398
svdd_decision_templates_agg,0.385463893433045,0.8392336973032865,0.3422873169211593,0.3395525586445327,0.4910939457864768,0.47952628241770007,0.18804156199014777
parzen_max_agg,0.4806421497739296,0.5728476192285046,0.6124779670975322,0.7230173135995532,0.7971184945604234,0.6372207088519886,0.11153591561540381
svdd_ecoc_agg,0.408930695210293,0.49079441357561193,0.3451319933897372,0.0056346073950975795,0.5495579512813817,0.3600099321704243,0.1903835586670734
parzen_decision_templates_agg,0.5433972358448507,0.5411061542966396,0.6549285558859795,0.7169956421430402,0.6409989594172737,0.6194853095175568,0.06805881683109179
kmeans_ecoc_agg,-0.029415569296044053,0.5038583212606806,0.4445004092425864,0.40022817406421485,0.44979695181099255,0.35379365741648605,0.19440639211200575
