Technique,Fold1,Fold2,Fold3,Fold4,Fold5,mean,std
k3,0.6858974358974359,0.7243589743589743,0.6282051282051282,0.7307692307692307,0.75,0.7038461538461538,0.04317296984739163
k1,0.7692307692307693,0.8397435897435898,0.6666666666666666,0.8012820512820513,0.8333333333333334,0.782051282051282,0.06293814209555683
k0,0.8397435897435898,0.8589743589743589,0.8269230769230769,0.8589743589743589,0.8141025641025641,0.8397435897435898,0.017671857374474628
