Technique,Fold1,Fold2,Fold3,Fold4,Fold5,mean,std
k3,0.6733333333333333,0.7133333333333334,0.6133333333333333,0.72,0.74,0.692,0.044899888641287314
k1,0.76,0.8333333333333334,0.6533333333333333,0.7933333333333333,0.8266666666666667,0.7733333333333333,0.06545566777937908
k0,0.8333333333333334,0.8533333333333333,0.8200000000000001,0.8533333333333333,0.8066666666666666,0.8333333333333334,0.018378731669453603
