Technique,Fold1,Fold2,Fold3,Fold4,Fold5,mean,std
parzen_ecoc_agg,0.026086050765915414,0.015578023233917215,0.015578023233917104,0.0181754426976799,0.03133198362117784,0.021349904710521495,0.006305226712299952
kmeans_max_agg,0.5396918275794812,0.5890740511966918,0.5473788945900072,0.526771842924654,0.586750009746462,0.5579333252074592,0.025358755262782855
svdd_max_agg,0.30837233489339577,0.30057656931507204,0.3083048919226393,0.3317558958891287,0.2953901354618965,0.3088799654964265,0.01244844160753623
kmeans_decision_templates_agg,0.5034059591284905,0.5293964704735286,0.4929203885009946,0.5112471646486114,0.6073740866897215,0.5288688138882692,0.041023225278785616
svdd_decision_templates_agg,0.3189144223770406,0.26959392281349304,0.27975246366260176,0.2669136283876,0.2590907613817308,0.2788530397244932,0.02109289822567864
parzen_max_agg,0.7971918876755071,0.8284120969471652,0.7738056548586285,0.7686238317453302,0.8128022463730435,0.7961671435199349,0.022698828021309587
svdd_ecoc_agg,0.0424396971195129,0.032327291882084275,0.036663896967178755,0.07343544629959797,0.03531751964792984,0.044036770383260745,0.015062066732080666
parzen_decision_templates_agg,0.45426904536063717,0.5525348769145719,0.4457238768101799,0.48608470518003266,0.5421257333142553,0.4961476475159355,0.04402531270089103
kmeans_ecoc_agg,0.16028649049147936,0.12914064378602863,0.13437918350901357,0.14650568237260997,0.16777738044927004,0.1476178761216803,0.014729612870666957
