Technique,Fold1,Fold2,Fold3,Fold4,Fold5,mean,std
k3,0.7235294117647059,0.6272189349112426,0.7100591715976331,0.7100591715976331,0.7514792899408284,0.7044691959624086,0.04148093357186673
k1,0.7,0.6627218934911243,0.6804733727810651,0.7041420118343196,0.6804733727810651,0.6855621301775149,0.015014202629257928
k0,0.711764705882353,0.6686390532544378,0.6982248520710059,0.7218934911242604,0.6686390532544378,0.693832231117299,0.021898381240996093
