Technique,Fold1,Fold2,Fold3,Fold4,Fold5,mean,std
parzen_ecoc_agg,0.10852713178294573,0.10852713178294573,0.10077519379844961,0.10852713178294573,0.1171875,0.10870881782945736,0.005194794915546761
kmeans_max_agg,0.8449612403100775,0.8837209302325582,0.8992248062015504,0.9457364341085271,0.8125,0.8772286821705426,0.045717132308657045
svdd_max_agg,0.813953488372093,0.8837209302325582,0.7829457364341085,0.7596899224806202,0.796875,0.807437015503876,0.04207817457809655
kmeans_decision_templates_agg,0.8372093023255814,0.8992248062015504,0.9457364341085271,0.9069767441860465,0.890625,0.895954457364341,0.03489936261074662
svdd_decision_templates_agg,0.8062015503875969,0.9069767441860465,0.8682170542635659,0.8372093023255814,0.859375,0.8555959302325583,0.03344079852125
parzen_max_agg,0.8682170542635659,0.9224806201550387,0.9689922480620154,0.9224806201550387,0.8203125,0.9004966085271316,0.05124394023404125
svdd_ecoc_agg,0.6511627906976745,0.689922480620155,0.5426356589147286,0.689922480620155,0.734375,0.6616036821705427,0.06505686153210828
parzen_decision_templates_agg,0.3023255813953488,0.4728682170542636,0.5271317829457365,0.6046511627906976,0.53125,0.4876453488372093,0.10169826390749238
kmeans_ecoc_agg,0.4728682170542636,0.4108527131782946,0.627906976744186,0.8527131782945736,0.6953125,0.6119307170542635,0.15808522941174824
