Technique,Fold1,Fold2,Fold3,Fold4,Fold5,mean,std
k3,0.993103448275862,0.9977011494252873,0.993103448275862,0.9954022988505747,0.9885057471264368,0.9935632183908046,0.003049769922165873
k1,0.993103448275862,0.9977011494252873,0.993103448275862,0.993103448275862,0.9954022988505747,0.9944827586206897,0.0018390804597701095
k0,0.9954022988505747,0.9977011494252873,0.993103448275862,0.9977011494252873,0.993103448275862,0.9954022988505746,0.0020561544620687597
