Technique,Fold1,Fold2,Fold3,Fold4,Fold5,mean,std
parzen_ecoc_agg,0.125,0.05555555555555555,0.05555555555555555,0.056338028169014086,0.056338028169014086,0.06975743348982785,0.027623499802448288
kmeans_max_agg,0.8055555555555556,0.8888888888888888,0.8888888888888888,0.9436619718309859,0.9295774647887324,0.8913145539906102,0.048105459175139476
svdd_max_agg,0.9166666666666666,0.9583333333333334,0.9305555555555556,0.971830985915493,0.9577464788732394,0.9470266040688575,0.02025357469420137
kmeans_decision_templates_agg,0.8888888888888888,0.9444444444444444,0.9166666666666666,0.9859154929577465,0.9014084507042254,0.9274647887323944,0.03460758810683022
svdd_decision_templates_agg,0.9444444444444444,0.9444444444444444,0.9583333333333334,0.9577464788732394,0.9436619718309859,0.9497261345852894,0.006796710442325196
parzen_max_agg,0.8888888888888888,0.9305555555555556,0.9166666666666666,0.9577464788732394,0.9154929577464789,0.9218701095461659,0.02244128181452684
svdd_ecoc_agg,0.6111111111111112,0.6944444444444444,0.6527777777777778,0.7605633802816901,0.6901408450704225,0.6818075117370892,0.04954256726922075
parzen_decision_templates_agg,0.25,0.2777777777777778,0.25,0.29577464788732394,0.15492957746478872,0.24569640062597808,0.04860597438719503
kmeans_ecoc_agg,0.6805555555555556,0.6388888888888888,0.6111111111111112,0.7746478873239436,0.676056338028169,0.6762519561815337,0.055388892376395084
