Technique,Fold1,Fold2,Fold3,Fold4,Fold5,mean,std
parzen_ecoc_agg,0.02408507976227725,0.03052064631956919,0.008700870087008705,-0.04138770541692027,0.0,0.004383778150386974,0.025314662409399075
kmeans_max_agg,0.016050244242847178,0.3137628669462448,0.03817097415506965,0.09325881942018865,0.05522875816993478,0.10329433258685701,0.10822254634626587
svdd_max_agg,0.0,0.0,0.0,0.0,0.0,0.0,0.0
kmeans_decision_templates_agg,0.003397508493771184,0.08413998510796716,0.04761904761904767,0.06746337702390126,0.022485207100591875,0.04502102506905583,0.029261176123191294
svdd_decision_templates_agg,0.0,0.0,0.0,0.0,0.0,0.0,0.0
parzen_max_agg,0.09861325115562403,0.09225092250922506,0.054487179487179405,-0.00929713648196362,0.02780638516992784,0.05277212036799854,0.04034552539765307
svdd_ecoc_agg,0.0,0.0,0.0,0.0,0.0,0.0,0.0
parzen_decision_templates_agg,0.11430734292202871,0.05781584582441124,0.05942028985507242,0.012013105205678887,0.031097134870719745,0.054930743735582196,0.03453700907107217
kmeans_ecoc_agg,0.019859064702114182,0.0005552470849529145,-0.05665906870726167,0.05380237972064161,0.07718463107786466,0.01894845077566234,0.04617766824165982
