Technique,Fold1,Fold2,Fold3,Fold4,Fold5,mean,std
parzen_ecoc_agg,0.065,0.0525,0.0525,0.055,0.07,0.059,0.007176350047203665
kmeans_max_agg,0.5575,0.605,0.565,0.545,0.6025,0.575,0.02434132288927617
svdd_max_agg,0.335,0.3275,0.335,0.3575,0.3225,0.3355,0.01197914855071093
kmeans_decision_templates_agg,0.5225,0.5475,0.5125,0.53,0.6225,0.5469999999999999,0.03944616584663207
svdd_decision_templates_agg,0.345,0.2975,0.3075,0.295,0.2875,0.30649999999999994,0.02028546277510079
parzen_max_agg,0.805,0.835,0.7825,0.7775,0.82,0.804,0.02182887995294307
svdd_ecoc_agg,0.08,0.07,0.0725,0.11,0.0725,0.081,0.014882876066137217
parzen_decision_templates_agg,0.475,0.57,0.4675,0.505,0.56,0.5155000000000001,0.042438190347845885
kmeans_ecoc_agg,0.1925,0.1625,0.1675,0.18,0.2,0.18049999999999997,0.014265342617687105
