Technique,Fold1,Fold2,Fold3,Fold4,Fold5,mean,std
parzen_ecoc_agg,0.0,0.0,0.0,0.0,0.0,0.0,0.0
kmeans_max_agg,0.4766173976253937,0.5836144578313253,0.592836946277097,0.7336834208552139,0.484992496248124,0.5743489437674307,0.09311408207257019
svdd_max_agg,0.8383233532934131,0.857918105574741,0.9302663438256659,0.8388804841149773,0.7641196013289037,0.8459015776275403,0.05302231153967455
kmeans_decision_templates_agg,0.6101694915254238,0.6545934276804989,0.8612716763005781,0.6468540164138274,0.7325464590657961,0.7010870141972249,0.08946249516880676
svdd_decision_templates_agg,0.8608023199613339,0.8422973959600876,0.9479015918958031,0.8579644911227807,0.8021281986318723,0.8622187995143756,0.0476851949738845
parzen_max_agg,0.8773424190800682,0.8955765047135605,0.8601262748907237,0.8227215980024969,0.8761525043608274,0.8663838602095353,0.024549042463079016
svdd_ecoc_agg,0.08446866485013604,0.16763005780346818,0.13271344040574817,0.2728720983158853,0.24521615875265768,0.18058008402557907,0.06984548905174272
parzen_decision_templates_agg,0.16894018887722984,0.2205683355886333,0.11903774367482378,0.39636948529411753,0.18660497907027984,0.21830414650101684,0.09487660163587562
kmeans_ecoc_agg,0.15194346289752647,0.3568147013782542,0.16318785578747608,0.05893491124260353,0.2355316285329745,0.19328251196776697,0.09918835410790681
