Technique,Fold1,Fold2,Fold3,Fold4,Fold5,mean,std
k3,0.75,0.7910447761194029,0.746268656716418,0.7164179104477612,0.7014925373134329,0.7410447761194029,0.030913903249564133
k1,0.8088235294117647,0.8507462686567164,0.7611940298507462,0.7761194029850746,0.7761194029850746,0.7946005267778753,0.03210525204785351
k0,0.8382352941176471,0.8208955223880597,0.6865671641791045,0.7313432835820896,0.8059701492537313,0.7766022827041265,0.057927006365971
