Technique,Fold1,Fold2,Fold3,Fold4,Fold5,mean,std
parzen_ecoc_agg,0.5333333333333333,0.03333333333333333,0.03333333333333333,0.5517241379310345,0.0,0.23034482758620686,0.25525379255314223
kmeans_max_agg,0.43333333333333335,0.4666666666666667,0.5666666666666667,0.8620689655172413,0.6551724137931034,0.5967816091954022,0.15384343625962435
svdd_max_agg,0.7,0.7333333333333333,0.6333333333333333,0.8620689655172413,0.6551724137931034,0.7167816091954021,0.08052739358576683
kmeans_decision_templates_agg,0.6333333333333333,0.7333333333333333,0.6333333333333333,0.7586206896551724,0.7586206896551724,0.703448275862069,0.05798847726780112
svdd_decision_templates_agg,0.8,0.6,0.6666666666666666,0.8275862068965517,0.6551724137931034,0.7098850574712643,0.08821597585522316
parzen_max_agg,0.6333333333333333,0.03333333333333333,0.03333333333333333,0.7586206896551724,0.6896551724137931,0.4296551724137931,0.32601997025755647
svdd_ecoc_agg,0.6,0.6666666666666666,0.6333333333333333,0.5172413793103449,0.4482758620689655,0.573103448275862,0.07975918305960662
parzen_decision_templates_agg,0.3333333333333333,0.03333333333333333,0.03333333333333333,0.5172413793103449,0.41379310344827586,0.26620689655172414,0.1988799393639565
kmeans_ecoc_agg,0.4,0.43333333333333335,0.43333333333333335,0.3793103448275862,0.41379310344827586,0.41195402298850575,0.020620574327898013
