Technique,Fold1,Fold2,Fold3,Fold4,Fold5,mean,std
parzen_ecoc_agg,0.0,0.0,0.0,0.0,0.0,0.0,0.0
kmeans_max_agg,0.0,0.07692307692307687,0.2500000000000001,0.7244655581947743,0.3654266958424508,0.2833630661920604,0.25508078657526545
svdd_max_agg,0.4078947368421053,0.4545454545454545,0.2887931034482758,0.7218225419664268,0.30455635491606714,0.4355224383436659,0.15606058252953228
kmeans_decision_templates_agg,0.2857142857142857,0.4666666666666667,0.3125,0.5268065268065268,0.517814726840855,0.4219004412056669,0.10268785459882362
svdd_decision_templates_agg,0.6153846153846154,0.18181818181818177,0.35760171306209854,0.6489104116222761,0.3176470588235294,0.4242723961421403,0.17976879981061927
parzen_max_agg,0.3292682926829268,0.0,0.0,0.5643776824034334,0.445859872611465,0.26790116953956505,0.23103056930336224
svdd_ecoc_agg,0.3513513513513513,0.4464944649446494,0.46515397082658017,0.11353711790393006,0.12945590994371492,0.3011985629940451,0.1518024597371608
parzen_decision_templates_agg,0.14529914529914534,0.0,0.0,0.3164983164983165,0.21621621621621623,0.1356027356027356,0.12336285389943047
kmeans_ecoc_agg,-0.022727272727272707,0.08765652951699465,0.09252669039145911,-0.1523178807947021,0.05555555555555558,0.012138724388406907,0.09199108428686716
