Technique,Fold1,Fold2,Fold3,Fold4,Fold5,mean,std
k3,0.6911196911196911,0.8494208494208494,0.8416988416988417,0.5637065637065637,0.6447876447876448,0.718146718146718,0.1117692264566033
k1,0.7413127413127413,0.8571428571428571,0.8571428571428571,0.5598455598455598,0.6602316602316602,0.7351351351351351,0.11501903932386838
k0,0.7104247104247104,0.6988416988416989,0.8532818532818532,0.6254826254826255,0.6795366795366795,0.7135135135135136,0.07571506342397083
