Technique,Fold1,Fold2,Fold3,Fold4,Fold5,mean,std
k3,0.5450952840958989,0.7778388721490311,0.7653570797242355,0.34711223146764236,0.4702063322660974,0.581121959940581,0.16792907655635195
k1,0.6223421619621754,0.7891621930828125,0.7884127089267183,0.3411139873248237,0.4932859048465985,0.6068633912286258,0.17317920853591087
k0,0.5790169476832387,0.5590334621177395,0.783215859030837,0.4436028613824109,0.5271227452705676,0.5783983750969588,0.112360673674915
