Technique,Fold1,Fold2,Fold3,Fold4,Fold5,mean,std
parzen_ecoc_agg,0.21875,0.09375,0.125,0.21875,0.1935483870967742,0.16995967741935486,0.0512771019175362
kmeans_max_agg,0.3125,0.375,0.21875,0.3125,0.25806451612903225,0.29536290322580644,0.053273133895099536
svdd_max_agg,0.34375,0.3125,0.3125,0.3125,0.2903225806451613,0.3143145161290323,0.01704076339444793
kmeans_decision_templates_agg,0.40625,0.3125,0.1875,0.28125,0.3225806451612903,0.30201612903225805,0.07062957830049182
svdd_decision_templates_agg,0.34375,0.3125,0.3125,0.3125,0.2903225806451613,0.3143145161290323,0.01704076339444793
parzen_max_agg,0.3125,0.25,0.1875,0.5,0.41935483870967744,0.3338709677419355,0.11297952491008
svdd_ecoc_agg,0.09375,0.0625,0.0625,0.09375,0.0967741935483871,0.08185483870967743,0.01584169458109935
parzen_decision_templates_agg,0.28125,0.34375,0.15625,0.4375,0.25806451612903225,0.29536290322580644,0.09325986165015045
kmeans_ecoc_agg,0.15625,0.25,0.15625,0.125,0.03225806451612903,0.1439516129032258,0.06983319187768222
