Technique,Fold1,Fold2,Fold3,Fold4,Fold5,mean,std
parzen_ecoc_agg,0.4612794612794613,0.3838383838383838,0.2895622895622896,0.2828282828282828,0.3277027027027027,0.34904222404222407,0.0666115514712399
kmeans_max_agg,0.4478114478114478,0.4444444444444444,0.41414141414141414,0.4511784511784512,0.44256756756756754,0.44002866502866506,0.013273916765448559
svdd_max_agg,0.42424242424242425,0.4612794612794613,0.4377104377104377,0.3771043771043771,0.3108108108108108,0.40222950222950227,0.05332731426803764
kmeans_decision_templates_agg,0.4612794612794613,0.4006734006734007,0.4377104377104377,0.4175084175084175,0.46959459459459457,0.4373532623532624,0.025889473512443376
svdd_decision_templates_agg,0.39057239057239057,0.4175084175084175,0.3602693602693603,0.38047138047138046,0.40878378378378377,0.3915210665210665,0.020361770601435646
parzen_max_agg,0.5218855218855218,0.5151515151515151,0.48148148148148145,0.45454545454545453,0.4966216216216216,0.49393711893711895,0.024270214324321845
svdd_ecoc_agg,0.23232323232323232,0.3063973063973064,0.3400673400673401,0.3400673400673401,0.07094594594594594,0.25796023296023296,0.10145038541796483
parzen_decision_templates_agg,0.4713804713804714,0.49158249158249157,0.3602693602693603,0.4276094276094276,0.46621621621621623,0.4434115934115934,0.04644369443230531
kmeans_ecoc_agg,0.36363636363636365,0.3063973063973064,0.3164983164983165,0.3400673400673401,0.3310810810810811,0.33153608153608155,0.019806614558110842
