Technique,Fold1,Fold2,Fold3,Fold4,Fold5,mean,std
parzen_ecoc_agg,0.125,0.125,0.1388888888888889,0.14084507042253522,0.056338028169014086,0.11721439749608764,0.031162014810462667
kmeans_max_agg,0.5833333333333334,0.6666666666666666,0.6666666666666666,0.7887323943661971,0.5915492957746479,0.6593896713615023,0.0737866280970103
svdd_max_agg,0.875,0.8888888888888888,0.9444444444444444,0.8732394366197183,0.8169014084507042,0.879694835680751,0.04070324461722197
kmeans_decision_templates_agg,0.6805555555555556,0.7222222222222222,0.8888888888888888,0.7183098591549296,0.7887323943661971,0.7597417840375587,0.07336785519313768
svdd_decision_templates_agg,0.8888888888888888,0.875,0.9583333333333334,0.8873239436619719,0.8450704225352113,0.8909233176838811,0.03719474329339457
parzen_max_agg,0.9027777777777778,0.9166666666666666,0.8888888888888888,0.8591549295774648,0.9014084507042254,0.8937793427230046,0.019420459539891802
svdd_ecoc_agg,0.2222222222222222,0.2777777777777778,0.20833333333333334,0.36619718309859156,0.36619718309859156,0.2881455399061033,0.06783432852783162
parzen_decision_templates_agg,0.2361111111111111,0.3333333333333333,0.18055555555555555,0.4788732394366197,0.2676056338028169,0.2992957746478873,0.10247187675098428
kmeans_ecoc_agg,0.3055555555555556,0.5138888888888888,0.3194444444444444,0.2112676056338028,0.43661971830985913,0.3573552425665102,0.10606382361494883
