Technique,Fold1,Fold2,Fold3,Fold4,Fold5,mean,std
parzen_ecoc_agg,0.0,0.0,0.0,0.0,0.0,0.0,0.0
kmeans_max_agg,0.07222222222222219,0.15555555555555556,0.18888888888888888,0.33333333333333337,0.05555555555555558,0.16111111111111112,0.09950494745439162
svdd_max_agg,0.09999999999999998,0.12777777777777777,0.09444444444444444,0.15000000000000002,0.1166666666666667,0.11777777777777779,0.02000000000000001
kmeans_decision_templates_agg,0.11111111111111116,0.36111111111111116,0.3277777777777777,0.13888888888888884,0.0,0.18777777777777777,0.13650849021666955
svdd_decision_templates_agg,0.13888888888888884,0.4277777777777778,0.41666666666666663,0.40555555555555534,3.3306690738754696e-16,0.2777777777777778,0.17582258173202192
parzen_max_agg,0.16666666666666663,0.38888888888888884,0.2944444444444445,0.3388888888888889,0.0,0.23777777777777778,0.13990296460823423
svdd_ecoc_agg,0.12777777777777777,0.03888888888888886,0.2055555555555556,0.17222222222222228,0.01111111111111085,0.11111111111111108,0.07503085784948513
parzen_decision_templates_agg,0.0,0.0,0.0,0.0,0.0,0.0,0.0
kmeans_ecoc_agg,0.033333333333333326,0.12777777777777777,0.09999999999999998,0.033333333333333326,0.0,0.05888888888888888,0.04734950167258336
