Technique,Fold1,Fold2,Fold3,Fold4,Fold5,mean,std
k3,0.8372093023255814,0.8837209302325582,0.9612403100775194,0.9844961240310077,0.8828125,0.9098958333333332,0.05459564625688038
k1,0.8527131782945736,0.8992248062015504,0.9767441860465116,0.9534883720930233,0.875,0.9114341085271317,0.04681586543999395
k0,0.8372093023255814,0.8914728682170543,0.9844961240310077,0.9689922480620154,0.859375,0.9083091085271316,0.05868576175226798
