Technique,Fold1,Fold2,Fold3,Fold4,Fold5,mean,std
k3,0.7987220447284346,0.854412760514634,0.9521726234613673,0.9809016211414613,0.8549081840852415,0.8882234467862278,0.06773818923554112
k1,0.8178101538690254,0.8741652284835296,0.9713418246445498,0.9426326712125704,0.8450597669844152,0.8902019290388182,0.0580830871350332
k0,0.7991101223581758,0.8649921507064364,0.9808718861209964,0.9618822486518431,0.8267538912700203,0.8867220598214944,0.07246718644032375
