Technique,Fold1,Fold2,Fold3,Fold4,Fold5,mean,std
parzen_ecoc_agg,0.6994219653179191,0.04046242774566474,0.04046242774566474,0.03768115942028986,0.22028985507246376,0.20766356706040043,0.255652970367717
kmeans_max_agg,0.7803468208092486,0.7803468208092486,0.8410404624277457,0.8463768115942029,0.8724637681159421,0.8241149367512776,0.03728530523277342
svdd_max_agg,0.708092485549133,0.8208092485549133,0.791907514450867,0.8144927536231884,0.8057971014492754,0.7882198207254754,0.041219625263739026
kmeans_decision_templates_agg,0.8583815028901735,0.9624277456647399,0.8323699421965318,0.8202898550724638,0.863768115942029,0.8674474323531876,0.050142309028843354
svdd_decision_templates_agg,0.7890173410404624,0.8786127167630058,0.7312138728323699,0.6579710144927536,0.7971014492753623,0.7707832788807908,0.07340934501974
parzen_max_agg,0.8063583815028902,0.8988439306358381,0.8959537572254336,0.881159420289855,0.9652173913043478,0.889506576191673,0.0506836801110114
svdd_ecoc_agg,0.2543352601156069,0.6473988439306358,0.6994219653179191,0.6086956521739131,0.2289855072463768,0.48776744575689035,0.2031561601494174
parzen_decision_templates_agg,0.8554913294797688,0.8670520231213873,0.8901734104046243,0.9043478260869565,0.8985507246376812,0.8831230627460837,0.01876167226205133
kmeans_ecoc_agg,0.6502890173410405,0.6213872832369942,0.7138728323699421,0.7246376811594203,0.5478260869565217,0.6516025802127838,0.0646466711367595
