Technique,Fold1,Fold2,Fold3,Fold4,Fold5,mean,std
svc_max_agg_ova_desthr,0.7242990654205608,0.6948356807511737,0.6901408450704225,0.7230046948356808,0.7089201877934272,0.708240094774253,0.014025745148485685
svc_majority_agg_ovo_desthr,0.7383177570093458,0.7323943661971831,0.6948356807511737,0.6948356807511737,0.7323943661971831,0.7185555701812119,0.019487610873166885
