Technique,Fold1,Fold2,Fold3,Fold4,Fold5,mean,std
svc_decision_templates_agg_ovo_desthr,0.7009345794392523,0.7370892018779343,0.6854460093896714,0.7136150234741784,0.6995305164319249,0.7073230661225922,0.01735369568247524
svc_decision_templates_agg_ova_desthr,0.7242990654205608,0.6995305164319249,0.6995305164319249,0.7276995305164319,0.7230046948356808,0.7148128647273048,0.012571877967276697
svc_majority_agg_ovo_desthr,0.7383177570093458,0.7323943661971831,0.6948356807511737,0.6948356807511737,0.7323943661971831,0.7185555701812119,0.019487610873166885
svc_max_agg_ova_desthr,0.7242990654205608,0.6948356807511737,0.6901408450704225,0.7230046948356808,0.7089201877934272,0.708240094774253,0.014025745148485685
svc_ecoc_agg_ova_desthr,0.6962616822429907,0.6713615023474179,0.6901408450704225,0.7230046948356808,0.6807511737089202,0.6923039796410864,0.017521022542178487
svc_ecoc_agg_ovo_desthr,0.7336448598130841,0.7370892018779343,0.676056338028169,0.6807511737089202,0.7323943661971831,0.7119871879250581,0.02750393913443533
