Technique,Fold1,Fold2,Fold3,Fold4,Fold5,mean,std
svc_max_agg_ova_desthr,0.646785654338947,0.6067431687780493,0.6040223086023323,0.6459900278881096,0.6270545043772945,0.6261191327969465,0.018365892984075587
svc_majority_agg_ovo_desthr,0.6651391527886443,0.6555060579405839,0.6082897156599236,0.6095820878687046,0.6581348200709578,0.6393303668657628,0.0250193365358753
