Technique,Fold1,Fold2,Fold3,Fold4,Fold5,mean,std
svc_decision_templates_agg_ovo_desthr,0.6212808317663975,0.6671875,0.6048128046078866,0.6386416731560796,0.6221205821205822,0.6308086783301892,0.021103662243803917
svc_decision_templates_agg_ova_desthr,0.6477317114000334,0.6142505447239595,0.6158268515387217,0.6516565628084026,0.6450902312971278,0.6349111803536489,0.0163674090736211
svc_majority_agg_ovo_desthr,0.6651391527886443,0.6555060579405839,0.6082897156599236,0.6095820878687046,0.6581348200709578,0.6393303668657628,0.0250193365358753
svc_max_agg_ova_desthr,0.646785654338947,0.6067431687780493,0.6040223086023323,0.6459900278881096,0.6270545043772945,0.6261191327969465,0.018365892984075587
svc_ecoc_agg_ova_desthr,0.6143395807918377,0.5819899632734307,0.611098815978754,0.6509942235058874,0.5975436939064716,0.6111932554912762,0.02294849949097691
svc_ecoc_agg_ovo_desthr,0.6602417692607654,0.6640567791359208,0.5854277735465854,0.592974567935928,0.6587593805334608,0.6322920540825321,0.035306739336172344
