Technique,Fold1,Fold2,Fold3,Fold4,Fold5,mean,std
svc_decision_templates_agg_ovo_desthr,0.7,0.7332444148049351,0.7105321754620353,0.6331295163979989,0.7218823005896096,0.6997576814509158,0.03511786126901541
svc_decision_templates_agg_ova_desthr,0.7109826589595376,0.7107254116599911,0.7217584863661658,0.6664072056043588,0.6549421193232414,0.692963176382659,0.026907950480575062
svc_majority_agg_ovo_desthr,0.7109505280711506,0.7106932235451208,0.7328286763887344,0.6775986659255142,0.6880570409982175,0.7040256269857476,0.019367017133014117
svc_max_agg_ova_desthr,0.7109826589595376,0.7106932235451208,0.7329178722457155,0.6552874457911709,0.6658870698296024,0.6951536540742295,0.029543254070326836
svc_ecoc_agg_ova_desthr,0.6999333185152256,0.6994991652754592,0.69953260627643,0.644167685977983,0.6434540389972145,0.6773173630084625,0.02735930053589405
svc_ecoc_agg_ovo_desthr,0.6997998665777183,0.7106932235451208,0.743960814872537,0.677491103202847,0.6880917901303332,0.7040073596657113,0.022869628625332657
