Technique,Fold1,Fold2,Fold3,Fold4,Fold5,mean,std
svc_max_agg_ova_desthr,0.7109826589595376,0.7106932235451208,0.7329178722457155,0.6552874457911709,0.6658870698296024,0.6951536540742295,0.029543254070326836
svc_majority_agg_ovo_desthr,0.7109505280711506,0.7106932235451208,0.7328286763887344,0.6775986659255142,0.6880570409982175,0.7040256269857476,0.019367017133014117
