Technique,Fold1,Fold2,Fold3,Fold4,Fold5,mean,std
parzen_ecoc_agg,0.0,0.03333333333333333,0.5333333333333333,0.5517241379310345,0.5517241379310345,0.33402298850574713,0.25942159511324014
kmeans_max_agg,0.6333333333333333,0.7,0.7,0.7931034482758621,0.7241379310344828,0.7101149425287356,0.05134934454913305
svdd_max_agg,0.7333333333333333,0.7333333333333333,0.7666666666666667,0.7931034482758621,0.6551724137931034,0.7363218390804598,0.04636388952994662
kmeans_decision_templates_agg,0.6666666666666666,0.7666666666666667,0.7666666666666667,0.6896551724137931,0.7931034482758621,0.7365517241379311,0.04918358435772535
svdd_decision_templates_agg,0.7333333333333333,0.7,0.8666666666666667,0.7241379310344828,0.6896551724137931,0.7427586206896551,0.06393284890397682
parzen_max_agg,0.6,0.03333333333333333,0.03333333333333333,0.6896551724137931,0.6896551724137931,0.40919540229885054,0.3086312847343343
svdd_ecoc_agg,0.6666666666666666,0.5333333333333333,0.5666666666666667,0.5172413793103449,0.4482758620689655,0.5464367816091954,0.07144803917178504
parzen_decision_templates_agg,0.23333333333333334,0.1,0.1,0.3793103448275862,0.27586206896551724,0.21770114942528734,0.10719301369599243
kmeans_ecoc_agg,0.5666666666666667,0.6333333333333333,0.5,0.6551724137931034,0.4482758620689655,0.5606896551724138,0.07817917298689792
