Technique,Fold1,Fold2,Fold3,Fold4,Fold5,mean,std
k3,0.6333333333333333,0.8,0.7333333333333333,0.7931034482758621,0.7586206896551724,0.7436781609195402,0.060201800945641946
k1,0.6,0.8333333333333334,0.8333333333333334,0.7931034482758621,0.6551724137931034,0.7429885057471264,0.09694664717224091
k0,0.6,0.8666666666666667,0.8,0.7931034482758621,0.8275862068965517,0.7774712643678161,0.09242866009538747
