Technique,Fold1,Fold2,Fold3,Fold4,Fold5,mean,std
k3,0.2763157894736843,0.595505617977528,0.4915254237288136,0.5786924939467313,0.5438202247191011,0.49717190996917165,0.11601766915336931
k1,0.25,0.6666666666666667,0.68944099378882,0.6045454545454545,0.3541202672605791,0.512954676452304,0.1775033510589559
k0,0.2405063291139241,0.736842105263158,0.6385542168674699,0.589622641509434,0.6734234234234234,0.5757897432354819,0.1743650738145119
