Technique,Fold1,Fold2,Fold3,Fold4,Fold5,mean,std
parzen_ecoc_agg,0.7142857142857143,0.55,0.6,0.6,0.75,0.6428571428571429,0.0759967775901165
kmeans_max_agg,0.8095238095238095,0.7,0.75,0.85,0.65,0.7519047619047619,0.07214560736546279
svdd_max_agg,0.8095238095238095,0.8,0.7,0.9,0.85,0.8119047619047619,0.06615449518785622
kmeans_decision_templates_agg,0.8095238095238095,0.9,0.75,0.85,0.75,0.811904761904762,0.058106946517263246
svdd_decision_templates_agg,0.8571428571428571,1.0,0.95,0.85,0.95,0.9214285714285714,0.05837947640486443
parzen_max_agg,0.7142857142857143,1.0,0.95,0.85,0.95,0.8928571428571429,0.1017199035366737
svdd_ecoc_agg,0.38095238095238093,0.65,0.6,0.6,0.75,0.5961904761904762,0.12075537011011495
parzen_decision_templates_agg,0.7142857142857143,0.55,0.6,0.7,0.8,0.6728571428571428,0.0883407133356589
kmeans_ecoc_agg,0.7142857142857143,0.85,0.65,0.75,0.75,0.7428571428571429,0.0648388898166298
