Technique,Fold1,Fold2,Fold3,Fold4,Fold5,mean,std
parzen_ecoc_agg,0.5625,0.4736842105263157,0.49044585987261147,0.49044585987261147,0.6794871794871795,0.5393126219517436,0.07651087548764586
kmeans_max_agg,0.7439024390243902,0.5522388059701493,0.6363636363636364,0.7887323943661971,0.542483660130719,0.6527441871710185,0.09932739531006686
svdd_max_agg,0.75,0.7377049180327868,0.6153846153846154,0.8675496688741722,0.8076923076923077,0.7556663019967764,0.08397411856450353
kmeans_decision_templates_agg,0.7341772151898733,0.8620689655172413,0.6563573883161512,0.7887323943661971,0.6551724137931034,0.7393016754365134,0.07937121771909614
svdd_decision_templates_agg,0.8102409638554217,1.0,0.9342105263157895,0.7986577181208053,0.934640522875817,0.8955499462335667,0.07822819659097155
parzen_max_agg,0.649025069637883,1.0,0.9342105263157895,0.8113207547169812,0.934640522875817,0.8658393747092941,0.12440900976126174
svdd_ecoc_agg,0.2500000000000001,0.4852941176470589,0.48553054662379425,0.5,0.6932515337423314,0.48281523960263695,0.14056685484208162
parzen_decision_templates_agg,0.649025069637883,0.4736842105263157,0.5046439628482972,0.6352583586626139,0.7476340694006309,0.602049134215148,0.10046878668805523
kmeans_ecoc_agg,0.6347826086956521,0.801980198019802,0.5348837209302326,0.6805111821086262,0.6784565916398714,0.6661228602788369,0.08604915341673748
