Technique,Fold1,Fold2,Fold3,Fold4,Fold5,mean,std
parzen_ecoc_agg,0.4264705882352941,0.4626865671641791,0.4626865671641791,0.16417910447761194,0.31343283582089554,0.365891132572432,0.11475905013567932
kmeans_max_agg,0.6911764705882353,0.746268656716418,0.7313432835820896,0.7014925373134329,0.7313432835820896,0.7203248463564531,0.020592119306188237
svdd_max_agg,0.4411764705882353,0.43283582089552236,0.44776119402985076,0.417910447761194,0.417910447761194,0.4315188762071992,0.012076381994064557
kmeans_decision_templates_agg,0.75,0.835820895522388,0.7313432835820896,0.7164179104477612,0.7313432835820896,0.7529850746268656,0.042765817259386274
svdd_decision_templates_agg,0.4411764705882353,0.43283582089552236,0.44776119402985076,0.417910447761194,0.417910447761194,0.4315188762071992,0.012076381994064557
parzen_max_agg,0.5147058823529411,0.47761194029850745,0.40298507462686567,0.34328358208955223,0.6268656716417911,0.47309043020193153,0.09712228733751098
svdd_ecoc_agg,0.0,0.14925373134328357,0.14925373134328357,0.14925373134328357,0.1044776119402985,0.11044776119402984,0.057882744566165115
parzen_decision_templates_agg,0.5147058823529411,0.582089552238806,0.5522388059701493,0.4925373134328358,0.5223880597014925,0.5327919227392449,0.03119043550528715
kmeans_ecoc_agg,0.3088235294117647,0.5970149253731343,0.5970149253731343,0.34328358208955223,0.31343283582089554,0.43191395961369616,0.13532260144703995
