Technique,Fold1,Fold2,Fold3,Fold4,Fold5,mean,std
parzen_ecoc_agg,0.0575,0.05,0.0575,0.0575,0.0675,0.05800000000000001,0.005567764362830022
kmeans_max_agg,0.5675,0.64,0.6025,0.5875,0.6175,0.603,0.02481934729198172
svdd_max_agg,0.54,0.5375,0.51,0.54,0.55,0.5355000000000001,0.01345362404707372
kmeans_decision_templates_agg,0.53,0.5375,0.565,0.5475,0.6175,0.5595,0.031280984639234115
svdd_decision_templates_agg,0.4675,0.3975,0.3825,0.41,0.415,0.4145,0.028783675929248517
parzen_max_agg,0.805,0.8275,0.79,0.7825,0.8175,0.8045,0.016688319268278642
svdd_ecoc_agg,0.2425,0.2125,0.23,0.22,0.24,0.229,0.011467344941179713
parzen_decision_templates_agg,0.4725,0.5525,0.4475,0.505,0.545,0.5045,0.04054010360124898
kmeans_ecoc_agg,0.1775,0.1575,0.165,0.1775,0.1925,0.174,0.011999999999999999
