Technique,Fold1,Fold2,Fold3,Fold4,Fold5,mean,std
parzen_ecoc_agg,0.01828668893098717,0.012961375620145876,0.01826112431235971,0.020766503461083885,0.031143666069248455,0.02028387167876502,0.0059977872920885375
kmeans_max_agg,0.5502229386301298,0.6255144300472657,0.5864947629171624,0.5708824217835686,0.602228042922974,0.5870685192602201,0.025798507607070652
svdd_max_agg,0.5215622034140698,0.5190151510227429,0.4904624183537517,0.5216585968218894,0.5319660675398966,0.5169328874304701,0.013962671339968057
kmeans_decision_templates_agg,0.5111709146694228,0.5190182773054623,0.5474671816178048,0.5294239993760318,0.602189259109996,0.5418539264157435,0.03252469268606515
svdd_decision_templates_agg,0.4462642333489315,0.3734889645670314,0.3577826601318236,0.3865349623082922,0.3915875275443146,0.39113166958007867,0.029947816559174684
parzen_max_agg,0.7971918876755071,0.8206114808652246,0.7816012011933935,0.7738365254011477,0.8101973427627986,0.7966876875796143,0.01734872082008389
svdd_ecoc_agg,0.21241422333125382,0.18147269951602973,0.19866270334259128,0.188899359828421,0.2090696812212588,0.19810373344791093,0.011718927954235039
parzen_decision_templates_agg,0.45165607661222207,0.5342998562573579,0.4248835454237906,0.4860880398671096,0.5265163833136048,0.484688780294817,0.042144016871602824
kmeans_ecoc_agg,0.144181932874209,0.12391301522103637,0.1314467003426104,0.14454353987363178,0.1595654719313082,0.14073013204855916,0.012249282095768092
