Technique,Fold1,Fold2,Fold3,Fold4,Fold5,mean,std
parzen_ecoc_agg,0.23529411764705882,0.23668639053254437,0.23668639053254437,0.23668639053254437,0.23076923076923078,0.23522450400278455,0.0022919704327398894
kmeans_max_agg,0.5,0.5207100591715976,0.650887573964497,0.5562130177514792,0.5621301775147929,0.5579881656804734,0.051774302613555874
svdd_max_agg,0.23529411764705882,0.24260355029585798,0.2781065088757396,0.31952662721893493,0.2485207100591716,0.2648103028193526,0.03098503228448098
kmeans_decision_templates_agg,0.6,0.6449704142011834,0.5739644970414202,0.5739644970414202,0.5562130177514792,0.5898224852071007,0.030910916387814437
svdd_decision_templates_agg,0.3588235294117647,0.3727810650887574,0.3727810650887574,0.41420118343195267,0.33136094674556216,0.3699895579533588,0.026784707013025995
parzen_max_agg,0.6529411764705882,0.6390532544378699,0.6745562130177515,0.650887573964497,0.6568047337278107,0.6548485903237034,0.011498151183730784
svdd_ecoc_agg,0.3058823529411765,0.2781065088757396,0.2781065088757396,0.3254437869822485,0.26627218934911245,0.2907622694048034,0.021686517276380293
parzen_decision_templates_agg,0.49411764705882355,0.514792899408284,0.5088757396449705,0.4378698224852071,0.48520710059171596,0.4881726418378002,0.02724616497311867
kmeans_ecoc_agg,0.3941176470588235,0.46745562130177515,0.378698224852071,0.46153846153846156,0.4556213017751479,0.43148625130525586,0.03731600165928863
