Technique,Fold1,Fold2,Fold3,Fold4,Fold5,mean,std
parzen_ecoc_agg,0.2857527605709669,0.32869468410798786,0.3134073441502988,0.10709186101856272,0.22988505747126442,0.25296634146381614,0.08034295946648674
kmeans_max_agg,0.5959252971137521,0.6577524038461539,0.6379465625938157,0.5997610513739546,0.6435116760271947,0.6269793981909741,0.024681038793829352
svdd_max_agg,0.030757689422355572,0.0,0.03164062499999987,0.0,0.0,0.012479662884471087,0.015286953132933156
kmeans_decision_templates_agg,0.6615925058548009,0.7739263803680981,0.6374022850270595,0.6177177177177178,0.631868131868132,0.6645014041671616,0.05651600329619765
svdd_decision_templates_agg,0.035820895522387985,0.0,0.03164062499999987,0.0,0.0,0.01349230410447757,0.016577420524182533
parzen_max_agg,0.43319019954533977,0.3746666666666667,0.31016731016731014,0.25611910169063845,0.5343341673616901,0.38169548908632905,0.09683530875288975
svdd_ecoc_agg,0.0,0.0,0.0,0.0,0.0,0.0,0.0
parzen_decision_templates_agg,0.4072900158478606,0.4767085076708508,0.4456701599558742,0.4030398322851153,0.432503970354685,0.4330424972228772,0.02694371372348961
kmeans_ecoc_agg,0.1488681757656457,0.44881170018281535,0.4302362204724409,0.20646029609690442,0.15026192445547293,0.2769276633946559,0.13450407237147574
