Technique,Fold1,Fold2,Fold3,Fold4,Fold5,mean,std
k3,0.9444444444444444,0.9583333333333334,0.9444444444444444,0.971830985915493,0.9154929577464789,0.9469092331768388,0.01871222356033163
k1,0.9583333333333334,0.9722222222222222,0.9444444444444444,0.971830985915493,0.9154929577464789,0.9524647887323944,0.02112386231786787
k0,0.9166666666666666,0.9722222222222222,0.9444444444444444,0.9577464788732394,0.9154929577464789,0.9413145539906103,0.022402506588529436
