Technique,Fold1,Fold2,Fold3,Fold4,Fold5,mean,std
k3,0.9181818181818182,0.9318181818181818,0.8636363636363636,0.8545454545454545,0.8818181818181818,0.89,0.03020590495606573
k1,0.9272727272727272,0.9590909090909091,0.9545454545454546,0.9045454545454545,0.9545454545454546,0.9399999999999998,0.021007672742347914
k0,0.9545454545454546,0.9772727272727273,0.9681818181818181,0.9590909090909091,0.9863636363636363,0.9690909090909091,0.011642044068059706
