Technique,Fold1,Fold2,Fold3,Fold4,Fold5,mean,std
k3,0.9090700344431688,0.9242145875436341,0.8484570168993387,0.8383615741378518,0.8687049534040308,0.8777616332856049,0.03355962334476199
k1,0.9191807870689259,0.9545287525261804,0.9494787121664446,0.8939199118295371,0.9494891516473425,0.9333194630476861,0.02334369686360085
k0,0.9494903113233538,0.9747428361498898,0.9646367226967943,0.9545433674640709,0.9848460496406677,0.9656518574549553,0.01293589988452681
