Technique,Fold1,Fold2,Fold3,Fold4,Fold5,mean,std
k3,0.6261682242990654,0.6713615023474179,0.6948356807511737,0.7183098591549296,0.6948356807511737,0.6811021894607521,0.03122258722125531
k1,0.677570093457944,0.704225352112676,0.676056338028169,0.7089201877934272,0.6807511737089202,0.6895046290202271,0.014096639744433185
k0,0.6588785046728972,0.7136150234741784,0.6807511737089202,0.6995305164319249,0.6854460093896714,0.6876442455355185,0.01841509854058333
