Technique,Fold1,Fold2,Fold3,Fold4,Fold5,mean,std
k3,0.5166572557876905,0.5711327158718288,0.6031928004356424,0.6396040720791856,0.6031700535985555,0.5867513795545806,0.04120783694137308
k1,0.5825511704172792,0.6148392652123995,0.5805171823267496,0.6264109310022914,0.5849499957016363,0.5978537089320712,0.019001330002855518
k0,0.5647012929112796,0.6337420718816068,0.5934544025598563,0.6172829108060305,0.59870086046904,0.6015763077255626,0.02330379377727577
