Technique,Fold1,Fold2,Fold3,Fold4,Fold5,mean,std
parzen_ecoc_agg,0.6190476190476191,0.55,0.6,0.7,0.75,0.6438095238095238,0.07178640527188562
kmeans_max_agg,0.8095238095238095,0.7,0.75,0.65,0.85,0.7519047619047619,0.07214560736546279
svdd_max_agg,0.9047619047619048,0.9,0.85,0.9,0.95,0.900952380952381,0.031680090244723604
kmeans_decision_templates_agg,0.8095238095238095,0.8,0.7,0.65,0.8,0.7519047619047619,0.06484588392590174
svdd_decision_templates_agg,0.9523809523809523,0.95,0.9,0.9,0.95,0.9304761904761903,0.024898888499812102
parzen_max_agg,0.9047619047619048,0.95,0.8,0.9,0.85,0.880952380952381,0.05139769796410213
svdd_ecoc_agg,0.5238095238095238,0.55,0.5,0.5,0.7,0.5547619047619048,0.07493005052484168
parzen_decision_templates_agg,0.7142857142857143,0.65,0.65,0.75,0.8,0.7128571428571429,0.058099141164750734
kmeans_ecoc_agg,0.7619047619047619,0.55,0.65,0.8,0.8,0.7123809523809523,0.09804668238873583
