Technique,Fold1,Fold2,Fold3,Fold4,Fold5,mean,std
parzen_ecoc_agg,0.5213675213675213,0.4610778443113772,0.3846153846153846,0.6273291925465838,0.673202614379085,0.5335185114439904,0.1057161581741476
kmeans_max_agg,0.7324840764331211,0.589041095890411,0.6441281138790036,0.4756554307116104,0.7945205479452054,0.6471658529718703,0.11117206985006278
svdd_max_agg,0.8727272727272727,0.864406779661017,0.8045602605863191,0.8675496688741722,0.934640522875817,0.8687769009449197,0.041226212750172256
kmeans_decision_templates_agg,0.7333333333333334,0.7315436241610739,0.5522388059701493,0.5189003436426117,0.7333333333333334,0.6538698880881003,0.09716763073812872
svdd_decision_templates_agg,0.9363636363636364,0.9335548172757475,0.8688524590163934,0.867109634551495,0.934640522875817,0.9081042140166179,0.032777308192197596
parzen_max_agg,0.8757396449704142,0.9335548172757475,0.7452229299363058,0.8675496688741722,0.8058252427184466,0.8455784607550173,0.06447297299849207
svdd_ecoc_agg,0.4050991501416431,0.32835820895522394,0.4134897360703813,0.39209726443769,0.6307692307692307,0.43396271807483383,0.10284948277901641
parzen_decision_templates_agg,0.649025069637883,0.5783132530120483,0.5665634674922599,0.6894409937888198,0.7476340694006309,0.6461953706663284,0.06799591549024768
kmeans_ecoc_agg,0.6929824561403508,0.3999999999999999,0.5611285266457681,0.7484276729559749,0.7435897435897436,0.6292256798663675,0.13306751319210727
