Technique,Fold1,Fold2,Fold3,Fold4,Fold5,mean,std
parzen_ecoc_agg,0.5841121495327103,0.6244131455399061,0.568075117370892,0.6666666666666666,0.5868544600938967,0.6060243078408144,0.03550608916106876
kmeans_max_agg,0.46261682242990654,0.4272300469483568,0.4507042253521127,0.38028169014084506,0.5117370892018779,0.4465139748146198,0.04310336404115258
svdd_max_agg,0.5700934579439252,0.6150234741784038,0.676056338028169,0.6666666666666666,0.6384976525821596,0.6332675178798648,0.03820352747519923
kmeans_decision_templates_agg,0.6962616822429907,0.6666666666666666,0.6854460093896714,0.6948356807511737,0.647887323943662,0.678219472598833,0.018478902040655353
svdd_decision_templates_agg,0.6261682242990654,0.5774647887323944,0.596244131455399,0.6103286384976526,0.5821596244131455,0.5984730814795314,0.01800011462086069
parzen_max_agg,0.6728971962616822,0.7183098591549296,0.6619718309859155,0.6854460093896714,0.6995305164319249,0.6876310824448247,0.019814353390345693
svdd_ecoc_agg,0.27102803738317754,0.431924882629108,0.2676056338028169,0.4647887323943662,0.24882629107981222,0.33683471545785615,0.0919598148436323
parzen_decision_templates_agg,0.6308411214953271,0.6807511737089202,0.6384976525821596,0.647887323943662,0.6431924882629108,0.648233951998596,0.017205884427177923
kmeans_ecoc_agg,0.19626168224299065,0.22535211267605634,0.22065727699530516,0.215962441314554,0.22535211267605634,0.2167171251809925,0.010804124285917501
