Technique,Fold1,Fold2,Fold3,Fold4,Fold5,mean,std
parzen_ecoc_agg,0.47799155840596386,0.5296455780059621,0.44143887352848965,0.5637134696939099,0.4482515012363124,0.49220819617412764,0.04738436375165476
kmeans_max_agg,0.36286439186040487,0.31644570707070707,0.3469510757055634,0.258759326144842,0.3876772535036074,0.3345395508570249,0.04438465421715454
svdd_max_agg,0.44845360824742275,0.49985682377870677,0.580421377183967,0.5695867486338798,0.5342477423751917,0.5265132600438336,0.04821847687926062
kmeans_decision_templates_agg,0.617499862508937,0.5793675075793397,0.6050206194126928,0.6163969854815472,0.5584943205372689,0.5953558591039572,0.02298214040441389
svdd_decision_templates_agg,0.5366460972177114,0.47777051323962083,0.502444589308996,0.5192265854454476,0.48799459824442937,0.5048164766912411,0.02117008058759768
parzen_max_agg,0.5886875343218012,0.6451182939020328,0.5754740484429066,0.6058932368617271,0.6222671728227438,0.6074880572702422,0.024557511445363278
svdd_ecoc_agg,0.07251208534755804,0.21714962638964808,0.09838823465566837,0.2604391922760637,0.027286219888115193,0.13515507171141067,0.08869143262331755
parzen_decision_templates_agg,0.5416689258797376,0.6038293216630196,0.5503372265175193,0.5672959722636042,0.5610867089637221,0.5648436310575204,0.021389320913731483
kmeans_ecoc_agg,0.019081121415627567,0.039439160380452365,-0.002296113615103179,0.009053933585914886,0.006922859564848838,0.014440192266348096,0.014227527109190174
