Technique,Fold1,Fold2,Fold3,Fold4,Fold5,mean,std
k3,0.9803723980267116,0.9935717452342249,0.980619291601693,0.9870879650929815,0.9681486688340216,0.9819600137579265,0.008440373226222164
k1,0.9803723980267116,0.9935717452342249,0.9806382694618774,0.9805531547104581,0.9871042333689078,0.9844479601604359,0.005226714089147166
k0,0.9869816995615676,0.9935717452342249,0.9806382694618774,0.9935525945248929,0.9807533478850805,0.9870995313335287,0.005754431526919061
