Technique,Fold1,Fold2,Fold3,Fold4,Fold5,mean,std
parzen_ecoc_agg,0.41125541125541126,0.41774891774891776,0.42424242424242425,0.38095238095238093,0.3917748917748918,0.4051948051948052,0.016278437815552535
kmeans_max_agg,0.6536796536796536,0.6926406926406926,0.4675324675324675,0.7272727272727273,0.551948051948052,0.6186147186147186,0.09569351951271411
svdd_max_agg,0.6212121212121212,0.6471861471861472,0.6493506493506493,0.6341991341991342,0.5757575757575758,0.6255411255411255,0.026860765467512662
kmeans_decision_templates_agg,0.7316017316017316,0.7575757575757576,0.79004329004329,0.7683982683982684,0.7272727272727273,0.754978354978355,0.023368605326867135
svdd_decision_templates_agg,0.6341991341991342,0.6471861471861472,0.658008658008658,0.6428571428571429,0.5909090909090909,0.6346320346320347,0.02316725222555784
parzen_max_agg,0.6536796536796536,0.6493506493506493,0.6623376623376623,0.7207792207792207,0.7337662337662337,0.6839826839826839,0.03582888605464685
svdd_ecoc_agg,0.15584415584415584,0.15800865800865802,0.15800865800865802,0.15367965367965367,0.14935064935064934,0.15497835497835497,0.003239530204999089
parzen_decision_templates_agg,0.6125541125541125,0.6385281385281385,0.6363636363636364,0.645021645021645,0.6082251082251082,0.6281385281385281,0.014832763375767815
kmeans_ecoc_agg,0.46320346320346323,0.4329004329004329,0.39826839826839827,0.5,0.44155844155844154,0.44718614718614724,0.03368844408371207
