Technique,Fold1,Fold2,Fold3,Fold4,Fold5,mean,std
parzen_ecoc_agg,0.6068965517241379,0.593103448275862,0.7471264367816092,0.7218390804597701,0.7471264367816092,0.6832183908045977,0.06871064013414763
kmeans_max_agg,0.9816091954022989,0.9885057471264368,0.9747126436781609,0.9724137931034482,0.9724137931034482,0.9779310344827585,0.006270428366430304
svdd_max_agg,0.296551724137931,0.25287356321839083,0.41379310344827586,0.5839080459770115,0.5471264367816092,0.41885057471264364,0.13132373800785066
kmeans_decision_templates_agg,0.9862068965517241,0.9908045977011494,0.9816091954022989,0.9793103448275862,0.967816091954023,0.9811494252873564,0.007748183699472507
svdd_decision_templates_agg,0.5126436781609195,0.32873563218390806,0.43908045977011495,0.5885057471264368,0.5126436781609195,0.4763218390804598,0.0876269250994129
parzen_max_agg,0.903448275862069,0.9517241379310345,0.8068965517241379,0.7425287356321839,0.7540229885057471,0.8317241379310346,0.08264871373720897
svdd_ecoc_agg,0.5172413793103449,0.5126436781609195,0.4896551724137931,0.41839080459770117,0.4735632183908046,0.48229885057471267,0.03565516500292651
parzen_decision_templates_agg,0.7885057471264367,0.7724137931034483,0.8574712643678161,0.8344827586206897,0.8436781609195402,0.8193103448275861,0.0329498351580118
kmeans_ecoc_agg,0.8988505747126436,0.9402298850574713,0.9195402298850575,0.9149425287356322,0.9103448275862069,0.9167816091954023,0.013592409654339773
