Technique,Fold1,Fold2,Fold3,Fold4,Fold5,mean,std
k3,0.525,0.5275,0.5375,0.5175,0.5325,0.5279999999999999,0.00678232998312527
k1,0.575,0.655,0.6225,0.6025,0.6425,0.6195,0.028521921393903332
k0,0.8025,0.84,0.8025,0.785,0.84,0.8140000000000001,0.022169799277395343
