Technique,Fold1,Fold2,Fold3,Fold4,Fold5,mean,std
parzen_ecoc_agg,0.18181818181818182,0.045454545454545456,0.8181818181818182,0.9174311926605505,0.48623853211009177,0.48982485404503756,0.34147076587004627
kmeans_max_agg,0.05454545454545454,0.12727272727272726,0.8181818181818182,0.8532110091743119,0.41284403669724773,0.4532110091743119,0.33466495841394844
svdd_max_agg,0.8818181818181818,0.9818181818181818,0.9545454545454546,0.944954128440367,0.963302752293578,0.9452877397831527,0.03398003895949025
kmeans_decision_templates_agg,0.9090909090909091,0.9545454545454546,0.9272727272727272,0.908256880733945,0.926605504587156,0.9251542952460383,0.016816592994595626
svdd_decision_templates_agg,0.8727272727272727,0.9181818181818182,0.9454545454545454,0.8899082568807339,0.926605504587156,0.9105754795663052,0.02604222794234137
parzen_max_agg,0.045454545454545456,0.7454545454545455,0.8909090909090909,0.926605504587156,0.8348623853211009,0.6886572143452877,0.32736425355007337
svdd_ecoc_agg,0.8727272727272727,0.9363636363636364,0.7545454545454545,0.8899082568807339,0.944954128440367,0.8796997497914928,0.0682427382895002
parzen_decision_templates_agg,0.36363636363636365,0.9363636363636364,0.8454545454545455,0.8899082568807339,0.8348623853211009,0.7740450375312761,0.20832904758920867
kmeans_ecoc_agg,0.8818181818181818,0.9272727272727272,0.9272727272727272,0.09174311926605505,0.03669724770642202,0.5729608006672227,0.4160807180556424
