Technique,Fold1,Fold2,Fold3,Fold4,Fold5,mean,std
parzen_ecoc_agg,,0.02702702702702703,0.023166023166023165,0.023166023166023165,0.02702702702702703,0.025096525096525095,0.0019305019305019318
kmeans_max_agg,,0.833976833976834,0.722007722007722,0.6833976833976834,0.6061776061776062,0.7113899613899614,0.08214847151300805
svdd_max_agg,,0.803088803088803,0.6756756756756757,0.5019305019305019,0.6756756756756757,0.6640926640926641,0.10710371819830267
kmeans_decision_templates_agg,,0.7644787644787645,0.7953667953667953,0.44015444015444016,0.6525096525096525,0.6631274131274132,0.1392740411497605
svdd_decision_templates_agg,,0.640926640926641,0.8223938223938224,0.47104247104247104,0.6602316602316602,0.6486486486486487,0.12442380729206193
parzen_max_agg,,0.0,0.0,0.0,0.0,0.0,0.0
svdd_ecoc_agg,,0.528957528957529,0.6138996138996139,0.4942084942084942,0.4864864864864865,0.5308880308880308,0.05052607076564632
parzen_decision_templates_agg,,0.0,0.0,0.0,0.0,0.0,0.0
kmeans_ecoc_agg,,0.5057915057915058,0.5637065637065637,0.36293436293436293,0.38223938223938225,0.45366795366795365,0.08390468653320744
