Technique,Fold1,Fold2,Fold3,Fold4,Fold5,mean,std
parzen_ecoc_agg,,0.0,0.0,0.0,0.0,0.0,0.0
kmeans_max_agg,,0.7650074905576772,0.596817434921733,0.534835841163458,0.4200092208390964,0.5791674968704912,0.12464416963287794
svdd_max_agg,,0.7173940949935815,0.5275775210631459,0.2722024963513189,0.5189918195887685,0.5090414829992037,0.15807127381867195
kmeans_decision_templates_agg,,0.6658771280532938,0.7008781678324727,0.18023661922640355,0.4949845093918581,0.5104941061260071,0.20597362070129557
svdd_decision_templates_agg,,0.49770613504608585,0.7417242949120944,0.2570094436417697,0.5165553080920564,0.5032487954230016,0.17154603360736667
parzen_max_agg,,0.0,0.0,0.0,0.0,0.0,0.0
svdd_ecoc_agg,,0.3452413021405334,0.4413528320607394,0.3105403263497999,0.24488140646236134,0.3355039667533585,0.0709479206235038
parzen_decision_templates_agg,,0.0,0.0,0.0,0.0,0.0,0.0
kmeans_ecoc_agg,,0.3395226521098139,0.40132144172155637,0.14956916280273014,0.14604240938034496,0.2591139165036114,0.11343915084409159
