Technique,Fold1,Fold2,Fold3,Fold4,Fold5,mean,std
k3,0.24561403508771928,0.32748538011695905,0.36062378167641324,0.35477582846003897,0.37037037037037035,0.3317738791423001,0.04537180982760594
k1,0.29239766081871343,0.43859649122807015,0.6179337231968811,0.5594541910331384,0.5633528265107213,0.49434697855750487,0.1167613663771377
k0,0.26900584795321636,0.5419103313840156,0.7953216374269005,0.8401559454191033,0.8011695906432749,0.6495126705653022,0.21770100593400812
