Technique,Fold1,Fold2,Fold3,Fold4,Fold5,mean,std
parzen_ecoc_agg,0.0,0.0,0.0,0.0,0.0,0.0,0.0
kmeans_max_agg,0.2857142857142857,0.4193548387096774,0.4375,0.5703703703703704,0.4832962138084633,0.43924714172055934,0.09284903439462106
svdd_max_agg,0.4871794871794871,0.4666666666666667,0.5503211991434689,0.5703703703703704,0.30455635491606714,0.475818815655212,0.09384482808498615
kmeans_decision_templates_agg,0.33333333333333326,0.5483870967741935,0.5550847457627119,0.3491271820448878,0.5866983372921615,0.47452613904145763,0.10971603260601584
svdd_decision_templates_agg,0.4871794871794871,0.4065934065934066,0.7494780793319415,0.4629629629629629,0.4013761467889908,0.5015180165713577,0.12823053768200077
parzen_max_agg,0.320754716981132,0.0,0.0,0.42888402625820576,0.46406570841889117,0.24274089033164578,0.20374806942909782
svdd_ecoc_agg,0.4318181818181819,0.32475884244373,0.3298969072164948,0.19284294234592447,0.13271028037383192,0.28240543083963265,0.10658658393634954
parzen_decision_templates_agg,0.09921671018276756,0.02644230769230782,0.0357142857142857,0.21028744326777604,0.13124108416547786,0.100580366204523,0.06735227102261068
kmeans_ecoc_agg,0.28308823529411764,0.39001848428835484,0.2227979274611398,0.3512304250559284,0.1684587813620071,0.28311877069230956,0.08105833015899175
