Technique,Fold1,Fold2,Fold3,Fold4,Fold5,mean,std
parzen_ecoc_agg,0.0,-9.174732785899309e-05,-9.174732785899309e-05,0.0,-0.00018209960848580842,-7.311885284075892e-05,6.821081812362765e-05
kmeans_max_agg,0.33117333950474426,0.36050640007474544,0.5353248205797372,0.4082356786031094,0.4151428705046065,0.4100766218533886,0.06985571141175986
svdd_max_agg,-0.020361050833371586,-0.011692077448321125,0.036046565991865065,0.09173754556500602,-0.005810956464689099,0.017984005362097856,0.04167266303683702
kmeans_decision_templates_agg,0.46823680942085655,0.5275150272587483,0.43320290665176076,0.43262146787279676,0.4093662628145387,0.4541884948037403,0.04120363951564275
svdd_decision_templates_agg,0.1510903426791278,0.16961016084920966,0.16903237777159286,0.22448317419115615,0.11341689879294337,0.16552659085680596,0.035857133384232014
parzen_max_agg,0.5366135366135365,0.5187657548314817,0.5658773527625987,0.534500466853408,0.5412122630470395,0.5393938748216128,0.015243859065281865
svdd_ecoc_agg,0.07146824662099616,0.02630460448642269,0.026993865030674913,0.09195456473582508,0.01638113118986151,0.04662048241275607,0.02961400943602524
parzen_decision_templates_agg,0.3233674272226593,0.35288349287882315,0.3436432548781059,0.2482910384867496,0.30848462044962843,0.31533396678319325,0.036925836399027766
kmeans_ecoc_agg,0.18980196187303344,0.28594901647809967,0.16537321856921128,0.27940211788960734,0.2707317073170732,0.238251604425405,0.05036266860920343
