Technique,Fold1,Fold2,Fold3,Fold4,Fold5,mean,std
k3,0.9004329004329005,0.9307359307359307,0.9458874458874459,0.9134199134199135,0.8874458874458875,0.9155844155844157,0.02085124602388275
k1,0.9307359307359307,0.9372294372294372,0.9653679653679653,0.9372294372294372,0.9112554112554112,0.9363636363636363,0.017348454467111578
k0,0.9567099567099567,0.9675324675324676,0.9805194805194806,0.9653679653679653,0.9502164502164502,0.9640692640692642,0.010299027924995971
