Technique,Fold1,Fold2,Fold3,Fold4,Fold5,mean,std
k3,0.8838383838383839,0.9191919191919192,0.9368686868686869,0.898989898989899,0.8686868686868687,0.9015151515151516,0.024326453694529872
k1,0.9191919191919192,0.9267676767676768,0.9595959595959596,0.9267676767676768,0.8964646464646464,0.9257575757575758,0.020239863544963516
k0,0.9494949494949495,0.9621212121212122,0.9772727272727273,0.9595959595959596,0.9419191919191919,0.9580808080808081,0.012015532579161941
