Technique,Fold1,Fold2,Fold3,Fold4,Fold5,mean,std
k3,0.78,0.78,0.77,0.7,0.75,0.756,0.030066592756745846
k1,0.71,0.75,0.72,0.7,0.7,0.716,0.018547236990991426
k0,0.73,0.66,0.66,0.62,0.59,0.652,0.04707440918375928
