Technique,Fold1,Fold2,Fold3,Fold4,Fold5,mean,std
k3,0.7555012224938875,0.755446865273455,0.7438467535360285,0.6668147490004442,0.7220060046702992,0.7287231189948229,0.03327977062456071
k1,0.6777777777777778,0.7222222222222222,0.6881612651742957,0.6665184526456203,0.6662587607075314,0.6841876957054895,0.020674382070500753
k0,0.6997330960854092,0.6219281663516067,0.6211699164345404,0.5781059176196292,0.5440391459074734,0.6129952484797317,0.052234635855846256
