Technique,Fold1,Fold2,Fold3,Fold4,Fold5,mean,std
parzen_ecoc_agg,0.42,0.47,0.43,0.37,0.51,0.44000000000000006,0.047328638264796934
kmeans_max_agg,0.6,0.69,0.64,0.65,0.59,0.634,0.03611094017053558
svdd_max_agg,0.66,0.72,0.76,0.66,0.66,0.692,0.041182520563947986
kmeans_decision_templates_agg,0.69,0.71,0.66,0.64,0.64,0.668,0.027856776554368214
svdd_decision_templates_agg,0.68,0.75,0.75,0.73,0.69,0.72,0.029664793948382652
parzen_max_agg,0.72,0.74,0.75,0.71,0.69,0.722,0.02135415650406264
svdd_ecoc_agg,0.38,0.43,0.31,0.35,0.22,0.338,0.07082372483850309
parzen_decision_templates_agg,0.7,0.74,0.72,0.69,0.72,0.7140000000000001,0.01743559577416271
kmeans_ecoc_agg,0.32,0.49,0.36,0.36,0.37,0.38,0.057619441163551735
