Technique,Fold1,Fold2,Fold3,Fold4,Fold5,mean,std
parzen_ecoc_agg,0.05150314611978579,0.19819507115584867,0.08395904436860069,0.23890274314214466,0.2543052606746874,0.16537305309221345,0.08244687291154056
kmeans_max_agg,0.056359102244389114,0.3424839495240205,0.45529573590096284,0.38372664700098336,0.45042016806722684,0.33765712054751656,0.1468527312344515
svdd_max_agg,0.3939393939393939,0.7554468652734548,0.4560439560439561,0.05920106229943567,0.06924919296053311,0.34677609410335475,0.26111155527407104
kmeans_decision_templates_agg,0.5964783565663976,0.6222527472527473,0.6346863468634686,0.43470061291843476,0.6427400852179613,0.5861716297638019,0.077337200012069
svdd_decision_templates_agg,0.33434190620272297,0.4001817631020903,0.634011090573013,0.3109572546658639,0.41303177167474414,0.41850475724368685,0.11441898111456139
parzen_max_agg,0.1573187414500684,0.3640204580831664,0.48929584730461695,0.5573104693140793,0.43694925554542696,0.4009789543394716,0.13730951060793764
svdd_ecoc_agg,0.014525528398712795,0.015980545422963344,-0.03143418467583525,0.1392526964560864,0.24616822429906526,0.07689856198019851,0.10186033646640424
parzen_decision_templates_agg,0.14551255375225425,0.3994540491355778,0.30613961312026905,0.3802416488983653,0.42134674490081025,0.3305389219614553,0.10029536353191029
kmeans_ecoc_agg,0.03905447070914703,0.01332404423931044,0.34431977559607296,0.23633815973843997,0.43752303722816066,0.2141118975022262,0.16632588511574528
