Technique,Fold1,Fold2,Fold3,Fold4,Fold5,mean,std
parzen_ecoc_agg,0.3953488372093023,0.4186046511627907,0.23255813953488372,0.4883720930232558,0.23809523809523808,0.35459579180509415,0.10209761127463365
kmeans_max_agg,0.627906976744186,0.5581395348837209,0.5813953488372093,0.5813953488372093,0.5,0.5697674418604651,0.04160126469767051
svdd_max_agg,0.5348837209302325,0.6046511627906976,0.4418604651162791,0.4418604651162791,0.42857142857142855,0.49036544850498326,0.06865430619582451
kmeans_decision_templates_agg,0.5116279069767442,0.5581395348837209,0.6046511627906976,0.5116279069767442,0.5,0.5372093023255815,0.03919139429384351
svdd_decision_templates_agg,0.4883720930232558,0.5581395348837209,0.4883720930232558,0.4186046511627907,0.3333333333333333,0.45736434108527135,0.07611124160392915
parzen_max_agg,0.5581395348837209,0.5116279069767442,0.5348837209302325,0.5581395348837209,0.4523809523809524,0.5230343300110742,0.03931199598198677
svdd_ecoc_agg,0.4418604651162791,0.3488372093023256,0.27906976744186046,0.23255813953488372,0.3333333333333333,0.3271317829457364,0.0706064963518493
parzen_decision_templates_agg,0.5348837209302325,0.6744186046511628,0.627906976744186,0.5581395348837209,0.5476190476190477,0.5885935769656699,0.0536704539742581
kmeans_ecoc_agg,0.4186046511627907,0.4883720930232558,0.20930232558139536,0.3953488372093023,0.42857142857142855,0.38803986710963456,0.09449243234355442
