Technique,Fold1,Fold2,Fold3,Fold4,Fold5,mean,std
parzen_ecoc_agg,0.1718518518518518,0.21590080233406272,0.11753731343283569,0.3290780141843971,0.06013986013986028,0.17890156838860152,0.09147843660676802
kmeans_max_agg,0.4491593274619695,0.3819969742813919,0.4206586826347306,0.4308823529411765,0.29496402877697847,0.3955322732192494,0.05487076022937928
svdd_max_agg,0.328125,0.4656432748538013,0.23949889462048635,0.25217391304347825,0.22935779816513746,0.30295977613658065,0.08845671006904095
kmeans_decision_templates_agg,0.3484848484848484,0.4010263929618768,0.48008534850640094,0.3600283486888731,0.36954967834167274,0.3918349233967344,0.04745553704570383
svdd_decision_templates_agg,0.35514655760054537,0.44079397672826837,0.35249828884325796,0.27997320830542527,0.16536550745209355,0.3187555077859181,0.0920747855140511
parzen_max_agg,0.39211309523809523,0.33894582723279654,0.3839541547277937,0.44346049046321523,0.2964311726147123,0.37098094805532267,0.049904055522447845
svdd_ecoc_agg,0.2067640276710222,0.24229074889867852,0.1725636250775916,0.13633597078514903,0.14472727272727282,0.18053632903194283,0.03949942971714684
parzen_decision_templates_agg,0.39393939393939403,0.5736543909348442,0.5281207133058985,0.44497282608695654,0.437632135306554,0.4756638919147294,0.0654539618515868
kmeans_ecoc_agg,0.2048816568047337,0.26836813611755617,0.1354228267297456,0.13734567901234573,0.21556420233463047,0.19231650019980234,0.0504794441406866
