Technique,Fold1,Fold2,Fold3,Fold4,Fold5,mean,std
parzen_ecoc_agg,0.4175084175084175,0.39730639730639733,0.2996632996632997,0.4006734006734007,0.3783783783783784,0.3787059787059787,0.04142951819473935
kmeans_max_agg,0.468013468013468,0.4175084175084175,0.4208754208754209,0.4175084175084175,0.4594594594594595,0.43667303667303675,0.022296069700037967
svdd_max_agg,0.3602693602693603,0.5050505050505051,0.3872053872053872,0.38047138047138046,0.4527027027027027,0.41713986713986717,0.05379200886068061
kmeans_decision_templates_agg,0.4882154882154882,0.4276094276094276,0.43097643097643096,0.43434343434343436,0.4222972972972973,0.4406884156884157,0.02409438616422524
svdd_decision_templates_agg,0.39057239057239057,0.43434343434343436,0.3872053872053872,0.42424242424242425,0.40540540540540543,0.4083538083538084,0.018439286262060577
parzen_max_agg,0.4983164983164983,0.5050505050505051,0.44107744107744107,0.4983164983164983,0.5,0.48855218855218857,0.02386538066891496
svdd_ecoc_agg,0.2996632996632997,0.31313131313131315,0.23905723905723905,0.3333333333333333,0.32094594594594594,0.30122622622622625,0.032951147087432374
parzen_decision_templates_agg,0.48484848484848486,0.48148148148148145,0.35353535353535354,0.4377104377104377,0.46283783783783783,0.4440827190827191,0.048273597223332625
kmeans_ecoc_agg,0.35353535353535354,0.3468013468013468,0.3164983164983165,0.35353535353535354,0.3581081081081081,0.3456956956956957,0.015037937813042093
