Technique,Fold1,Fold2,Fold3,Fold4,Fold5,mean,std
parzen_ecoc_agg,0.0,0.0,0.0,0.0,0.0,0.0,0.0
kmeans_max_agg,0.4522693661605115,0.4626670481016797,0.6166398066075746,0.6268748086929905,0.6986600496277915,0.5714222158381095,0.09729766185524295
svdd_max_agg,0.4090570887445888,0.5703671066071179,0.4453893761966249,0.5141058932265306,0.5232152802128669,0.4924269489975458,0.05771591285548934
kmeans_decision_templates_agg,0.6423885760087746,0.919461404859532,0.6602272150077035,0.6521668428327506,0.7210610517623988,0.7190610180942318,0.103903056350852
svdd_decision_templates_agg,0.4419971280238594,0.7463431663466573,0.47843423292000975,0.3826205641492265,0.5718312855699164,0.5242452754019338,0.12689591776225148
parzen_max_agg,0.6032110091743119,0.7707351242876886,0.7692008375178343,0.734391136982443,0.9219662984883327,0.759900881290122,0.10165779117914166
svdd_ecoc_agg,0.06347174720409565,0.3939498356089648,0.0,0.32420667740390885,-0.029700526239017755,0.1503855467955903,0.17443518175906167
parzen_decision_templates_agg,0.7127820297843375,0.7320809345857321,0.7652184782414599,0.7965111083308012,0.7794762217839142,0.7572137545452489,0.030691405532816723
kmeans_ecoc_agg,0.3973860724875493,0.09022299833403602,0.2288087894274714,0.25140468685761286,0.3058439632156631,0.25473330206446654,0.10070641753218382
