Technique,Fold1,Fold2,Fold3,Fold4,Fold5,mean,std
parzen_ecoc_agg,0.6074766355140186,0.5446009389671361,0.4413145539906103,0.6338028169014085,0.49765258215962443,0.5449695055065595,0.07040152635452032
kmeans_max_agg,0.5186915887850467,0.6150234741784038,0.5352112676056338,0.5868544600938967,0.5868544600938967,0.5685270501513756,0.03585308894344715
svdd_max_agg,0.5560747663551402,0.5446009389671361,0.6197183098591549,0.5633802816901409,0.5164319248826291,0.5600412443508402,0.03384792472382859
kmeans_decision_templates_agg,0.5654205607476636,0.6244131455399061,0.568075117370892,0.6431924882629108,0.5492957746478874,0.5900794173138519,0.036756923515922794
svdd_decision_templates_agg,0.5467289719626168,0.5258215962441315,0.5211267605633803,0.5070422535211268,0.5117370892018779,0.5224913342986267,0.013818420098594044
parzen_max_agg,0.6962616822429907,0.7136150234741784,0.647887323943662,0.6525821596244131,0.6901408450704225,0.6800974068711333,0.025613134697461848
svdd_ecoc_agg,0.37850467289719625,0.39436619718309857,0.38497652582159625,0.38967136150234744,0.4460093896713615,0.39870562941512,0.02422668501019809
parzen_decision_templates_agg,0.6915887850467289,0.6901408450704225,0.6572769953051644,0.6572769953051644,0.6713615023474179,0.6735290246149797,0.01506693460429568
kmeans_ecoc_agg,0.3177570093457944,0.39436619718309857,0.431924882629108,0.3568075117370892,0.323943661971831,0.36495985257338426,0.04318783466443243
