Technique,Fold1,Fold2,Fold3,Fold4,Fold5,mean,std
parzen_ecoc_agg,0.10813823857302118,-0.006507592190889477,0.052854122621564525,0.09706546275395034,0.08500590318772139,0.06731122698907359,0.041287981104480724
kmeans_max_agg,0.10659898477157359,0.19799498746867172,0.013563501849568449,0.09743589743589742,0.08589743589743604,0.10029816148462944,0.05886058921958177
svdd_max_agg,0.04680851063829783,0.0,0.0,0.04347826086956519,0.0,0.018057354301572605,0.022140711888080707
kmeans_decision_templates_agg,0.23522012578616347,0.12,-0.020858895705521574,0.07187894073139978,0.10453920220082535,0.1021558746025734,0.0825584816276099
svdd_decision_templates_agg,0.04680851063829783,0.0,0.0,0.04347826086956519,0.0,0.018057354301572605,0.022140711888080707
parzen_max_agg,0.13831089351285186,0.11724137931034484,0.03703703703703709,0.37331701346389234,0.28644501278772383,0.19047026722236998,0.12187609348280945
svdd_ecoc_agg,0.0,0.0,0.0,0.0,0.0,0.0,0.0
parzen_decision_templates_agg,0.13411764705882356,0.20190023752969122,0.010309278350515427,0.3001215066828675,0.09056122448979598,0.14740197882233874,0.09848356993755764
kmeans_ecoc_agg,-0.023696682464454888,0.048327137546468446,-0.011709601873536313,-0.0056116722783390305,-0.15099009900990112,-0.028736183615952583,0.06593150897715556
