Technique,Fold1,Fold2,Fold3,Fold4,Fold5,mean,std
k3,0.6317123761235308,0.5024533856722277,0.6132723112128147,0.613615154908548,0.6684262157238287,0.60589588872819,0.05548131745575792
k1,0.5999446290143964,0.5500700607192901,0.5735514018691589,0.6057113527133591,0.5730925761332273,0.5804740040898864,0.02021304862291606
k0,0.6157926294912597,0.5579016209651049,0.5973370707778557,0.629247572815534,0.5575916230366492,0.5915741034172808,0.0294200072801088
