Technique,Fold1,Fold2,Fold3,Fold4,Fold5,mean,std
k3,0.6026936026936027,0.5925925925925926,0.5622895622895623,0.5387205387205387,0.597972972972973,0.5788538538538539,0.024526255406733165
k1,0.5858585858585859,0.5824915824915825,0.5656565656565656,0.5420875420875421,0.5912162162162162,0.5734620984620984,0.01786450284175591
k0,0.48484848484848486,0.4713804713804714,0.48148148148148145,0.45791245791245794,0.5236486486486487,0.4838543088543089,0.021994473973836866
