Technique,Fold1,Fold2,Fold3,Fold4,Fold5,mean,std
k3,0.47743234175799587,0.46844261688878375,0.42593336009634686,0.3876657286038918,0.4723075309733188,0.4463563156640674,0.03460829900239447
k1,0.45960059171597634,0.458833556198845,0.4344527271385342,0.39401395244167736,0.4652732158853389,0.4424348086760744,0.026432816027388496
k0,0.3409189800713601,0.32897293096749125,0.33079725518310976,0.2975525913738395,0.3870555580032603,0.33705946311981216,0.028913337892190128
