Technique,Fold1,Fold2,Fold3,Fold4,Fold5,mean,std
k3,0.42145021048904274,0.6417149570862457,0.5687433407715659,0.82444809769845,0.8781575865722411,0.6669028385235091,0.16731155742558254
k1,0.45001309047387517,0.5438011401093574,0.4619299592034577,0.818550659303505,0.7890846440282333,0.6126758986236858,0.159644431351335
k0,0.6032110091743119,0.533909861965741,0.38785526766350875,0.8296733678265334,0.7770000738716112,0.6263299161003413,0.16124277597058997
