Technique,Fold1,Fold2,Fold3,Fold4,Fold5,mean,std
k3,0.375,0.375,0.28125,0.6875,0.41935483870967744,0.4276209677419355,0.1375266032347723
k1,0.3125,0.375,0.3125,0.4375,0.2903225806451613,0.3455645161290323,0.05395697692607546
k0,0.40625,0.375,0.46875,0.65625,0.5161290322580645,0.4844758064516129,0.09885325513602754
