Technique,Fold1,Fold2,Fold3,Fold4,Fold5,mean,std
parzen_ecoc_agg,0.1,0.10454545454545454,0.09545454545454546,0.10909090909090909,0.10909090909090909,0.10363636363636364,0.005300865358950269
kmeans_max_agg,0.8454545454545455,0.9363636363636364,0.9318181818181818,0.8318181818181818,0.8863636363636364,0.8863636363636364,0.0429298871022458
svdd_max_agg,0.10454545454545454,0.12727272727272726,0.10454545454545454,0.12727272727272726,0.12727272727272726,0.11818181818181817,0.011134044285378078
kmeans_decision_templates_agg,0.9454545454545454,0.95,0.9318181818181818,0.8954545454545455,0.9136363636363637,0.9272727272727274,0.020327890704543505
svdd_decision_templates_agg,0.10454545454545454,0.12727272727272726,0.10454545454545454,0.12727272727272726,0.12727272727272726,0.11818181818181817,0.011134044285378078
parzen_max_agg,0.9409090909090909,0.9636363636363636,0.9681818181818181,0.9363636363636364,0.9590909090909091,0.9536363636363637,0.012662171161076452
svdd_ecoc_agg,0.10454545454545454,0.09545454545454546,0.09545454545454546,0.09545454545454546,0.09545454545454546,0.09727272727272727,0.003636363636363632
parzen_decision_templates_agg,0.6590909090909091,0.6590909090909091,0.6590909090909091,0.6590909090909091,0.6545454545454545,0.6581818181818182,0.0018181818181818078
kmeans_ecoc_agg,0.5363636363636364,0.7272727272727273,0.5227272727272727,0.6363636363636364,0.6136363636363636,0.6072727272727273,0.07411182080795935
