Technique,Fold1,Fold2,Fold3,Fold4,Fold5,mean,std
parzen_ecoc_agg,0.005025125628140836,4.614461723040364e-05,0.0,0.0150303805564439,0.01005555810643266,0.00603144178164956,0.0058376220429302815
kmeans_max_agg,0.828243398392652,0.9292701970330226,0.924231987877118,0.8132470690802303,0.8736909792393901,0.8737367263244826,0.04767049699938387
svdd_max_agg,0.0,0.025380710659898442,0.0,0.025470653377629993,0.025470653377629993,0.015264403483031685,0.0124633765256794
kmeans_decision_templates_agg,0.9393911566187612,0.9444342395297576,0.9242250287026407,0.8838410504809348,0.9040359979797052,0.9191854946623599,0.022582744651835802
svdd_decision_templates_agg,0.0,0.025380710659898442,0.0,0.025470653377629993,0.025470653377629993,0.015264403483031685,0.0124633765256794
parzen_max_agg,0.9343434343434344,0.9595922490586831,0.9646383467278989,0.9293010444163893,0.954533973225562,0.9484818095543937,0.014063425254219516
svdd_ecoc_agg,0.0,0.0,0.0,0.0,0.0,0.0,0.0
parzen_decision_templates_agg,0.6205326341934594,0.6203055964653903,0.6218198487279396,0.6218631832244758,0.6168301402511689,0.6202702805724869,0.0018353823793527688
kmeans_ecoc_agg,0.48451713681889175,0.6970809619974299,0.46874568787084303,0.5958482593919353,0.5703519897068283,0.5633088071571857,0.0826483183454193
