Technique,Fold1,Fold2,Fold3,Fold4,Fold5,mean,std
parzen_ecoc_agg,0.0,0.0,0.0,0.0,0.0,0.0,0.0
kmeans_max_agg,0.6066666666666667,0.72,0.4866666666666667,0.5666666666666667,0.5066666666666666,0.5773333333333334,0.08311705266937973
svdd_max_agg,0.3466666666666667,0.8066666666666666,0.6933333333333334,0.7733333333333333,0.7,0.664,0.16441681449562537
kmeans_decision_templates_agg,0.7133333333333334,0.8133333333333334,0.76,0.8200000000000001,0.76,0.7733333333333334,0.03932768321000701
svdd_decision_templates_agg,0.6533333333333333,0.8066666666666666,0.7,0.8,0.8,0.752,0.06330174650916918
parzen_max_agg,0.0,0.0,0.0,0.0,0.0,0.0,0.0
svdd_ecoc_agg,0.046666666666666634,0.19333333333333336,0.1466666666666666,0.2466666666666667,0.19999999999999996,0.16666666666666666,0.0678560567999972
parzen_decision_templates_agg,0.0,0.0,0.0,0.0,0.0,0.0,0.0
kmeans_ecoc_agg,0.33999999999999997,0.38,0.4066666666666665,0.33999999999999997,0.3933333333333333,0.37199999999999994,0.027455013709298638
