Technique,Fold1,Fold2,Fold3,Fold4,Fold5,mean,std
parzen_ecoc_agg,0.13333333333333333,0.1,0.05084745762711865,0.5084745762711864,0.11864406779661017,0.1822598870056497,0.16546463018170837
kmeans_max_agg,0.21666666666666667,0.5,0.3050847457627119,0.2542372881355932,0.1694915254237288,0.2890960451977401,0.1144574206119264
svdd_max_agg,0.5333333333333333,0.5333333333333333,0.5423728813559322,0.5423728813559322,0.5423728813559322,0.5387570621468927,0.004428456032150381
kmeans_decision_templates_agg,0.26666666666666666,0.31666666666666665,0.3220338983050847,0.3050847457627119,0.288135593220339,0.29971751412429376,0.020201986831807007
svdd_decision_templates_agg,0.5333333333333333,0.5333333333333333,0.5423728813559322,0.5423728813559322,0.5423728813559322,0.5387570621468927,0.004428456032150381
parzen_max_agg,0.35,0.31666666666666665,0.23728813559322035,0.22033898305084745,0.1864406779661017,0.2621468926553672,0.06129904449353583
svdd_ecoc_agg,0.11666666666666667,0.11666666666666667,0.5423728813559322,0.11864406779661017,0.5423728813559322,0.2873446327683616,0.20823094486761481
parzen_decision_templates_agg,0.35,0.26666666666666666,0.2542372881355932,0.22033898305084745,0.2033898305084746,0.2589265536723164,0.05089125546237728
kmeans_ecoc_agg,0.15,0.5,0.06779661016949153,0.4745762711864407,0.22033898305084745,0.282542372881356,0.17419375569086618
