Technique,Fold1,Fold2,Fold3,Fold4,Fold5,mean,std
parzen_ecoc_agg,0.8528735632183908,0.19310344827586207,0.8689655172413793,0.08275862068965517,0.8091954022988506,0.5613793103448275,0.3480505321677651
kmeans_max_agg,0.9494252873563218,0.9632183908045977,0.9517241379310345,0.9632183908045977,0.9333333333333333,0.9521839080459771,0.011015309012147987
svdd_max_agg,0.8781609195402299,0.8689655172413793,0.8758620689655172,0.8689655172413793,0.8735632183908046,0.873103448275862,0.003678160919540249
kmeans_decision_templates_agg,0.9517241379310345,0.9494252873563218,0.9425287356321839,0.9540229885057471,0.9471264367816092,0.9489655172413792,0.003955092076801205
svdd_decision_templates_agg,0.9195402298850575,0.9241379310344827,0.9218390804597701,0.9172413793103448,0.8988505747126436,0.9163218390804598,0.009033049519259097
parzen_max_agg,0.9632183908045977,0.9586206896551724,0.9494252873563218,0.7977011494252874,0.9080459770114943,0.9154022988505748,0.061999109263586476
svdd_ecoc_agg,0.3839080459770115,0.2620689655172414,0.28735632183908044,0.26666666666666666,0.2574712643678161,0.29149425287356323,0.04732283159055104
parzen_decision_templates_agg,0.9655172413793104,0.9264367816091954,0.960919540229885,0.825287356321839,0.8781609195402299,0.911264367816092,0.053154674998262964
kmeans_ecoc_agg,0.8413793103448276,0.8942528735632184,0.8804597701149425,0.8620689655172413,0.19770114942528735,0.7351724137931034,0.2693224863703083
