Technique,Fold1,Fold2,Fold3,Fold4,Fold5,mean,std
k3,0.5252525252525253,0.5252525252525253,0.5757575757575758,0.47474747474747475,0.4292929292929293,0.5060606060606061,0.04993619028003346
k1,0.3333333333333333,0.5202020202020202,0.51010101010101,0.42424242424242425,0.5202020202020202,0.4616161616161617,0.07357807616757299
k0,0.40404040404040403,0.6060606060606061,0.5707070707070707,0.43434343434343436,0.4444444444444444,0.49191919191919187,0.08065642334415002
