Technique,Fold1,Fold2,Fold3,Fold4,Fold5,mean,std
parzen_ecoc_agg,0.32727272727272727,0.6181818181818182,0.44545454545454544,0.7431192660550459,0.7339449541284404,0.5735946622185154,0.16342166750963447
kmeans_max_agg,0.21818181818181817,0.7545454545454545,0.8363636363636363,0.7889908256880734,0.8073394495412844,0.6810842368640534,0.23296828207885198
svdd_max_agg,0.8545454545454545,0.9545454545454546,0.8363636363636363,0.28440366972477066,0.24770642201834864,0.6355129274395329,0.30455528399859166
kmeans_decision_templates_agg,0.9090909090909091,0.9090909090909091,0.9181818181818182,0.8990825688073395,0.908256880733945,0.9087406171809841,0.006048034135491002
svdd_decision_templates_agg,0.8181818181818182,0.8363636363636363,0.9181818181818182,0.8073394495412844,0.8165137614678899,0.8393160967472895,0.04054042237303436
parzen_max_agg,0.4909090909090909,0.7636363636363637,0.8363636363636363,0.9174311926605505,0.8440366972477065,0.7704753961634696,0.1480220407489799
svdd_ecoc_agg,0.06363636363636363,0.06363636363636363,0.045454545454545456,0.6238532110091743,0.6605504587155964,0.2914261884904087,0.28671899482308616
parzen_decision_templates_agg,0.4909090909090909,0.7818181818181819,0.7272727272727273,0.8532110091743119,0.8256880733944955,0.7357798165137615,0.12963576170982097
kmeans_ecoc_agg,0.07272727272727272,0.06363636363636363,0.8454545454545455,0.8623853211009175,0.8715596330275229,0.5431526271893244,0.38791313080766815
