Technique,Fold1,Fold2,Fold3,Fold4,Fold5,mean,std
k3,0.13043478260869568,0.1567852437417655,0.0822942643391521,0.5881595881595882,0.19712230215827342,0.230959236201495,0.18245287080822223
k1,0.03825136612021862,0.1633986928104575,0.12655086848635233,0.2718078381795196,0.0567081604426003,0.13134338520782968,0.08368669464643141
k0,0.18933333333333335,0.19395465994962213,0.3316953316953317,0.5648949320148331,0.37583892617449666,0.33114343663352336,0.13825239152542776
