Technique,Fold1,Fold2,Fold3,Fold4,Fold5,mean,std
parzen_ecoc_agg,0.3382352941176471,0.4626865671641791,0.44776119402985076,0.16417910447761194,0.31343283582089554,0.3452589991220369,0.10784071498660147
kmeans_max_agg,0.45588235294117646,0.6865671641791045,0.5970149253731343,0.7313432835820896,0.6716417910447762,0.6284899034240562,0.09653798439886752
svdd_max_agg,0.5588235294117647,0.4626865671641791,0.5373134328358209,0.5373134328358209,0.3880597014925373,0.4968393327480246,0.0634314839255523
kmeans_decision_templates_agg,0.7647058823529411,0.8059701492537313,0.7313432835820896,0.7164179104477612,0.8208955223880597,0.7678665496049166,0.040632148626937224
svdd_decision_templates_agg,0.5,0.6567164179104478,0.6119402985074627,0.6417910447761194,0.5373134328358209,0.5895522388059702,0.06081059339541302
parzen_max_agg,0.4117647058823529,0.47761194029850745,0.43283582089552236,0.34328358208955223,0.5970149253731343,0.45250219490781385,0.08424896823696303
svdd_ecoc_agg,0.23529411764705882,0.5522388059701493,0.6268656716417911,0.6417910447761194,0.208955223880597,0.45302897278314314,0.19114045659599233
parzen_decision_templates_agg,0.5441176470588235,0.582089552238806,0.5522388059701493,0.4925373134328358,0.5970149253731343,0.5535996488147498,0.03610243728224867
kmeans_ecoc_agg,0.22058823529411764,0.6268656716417911,0.6119402985074627,0.3283582089552239,0.29850746268656714,0.41725197541703246,0.16883153289078714
