Technique,Fold1,Fold2,Fold3,Fold4,Fold5,mean,std
parzen_ecoc_agg,0.24760265552003935,0.32436974789915973,0.29493742889647323,0.04163473818646224,0.22834251377065595,0.2273774168545581,0.09887588369112253
kmeans_max_agg,0.33824302998421885,0.5787425149700598,0.47274846983386765,0.6338797814207651,0.5654481132075471,0.5178123818832917,0.1036621373142679
svdd_max_agg,0.43537226681428187,0.32474804031354987,0.4084306465394474,0.40674093116252497,0.2571660356949702,0.36649158410495486,0.06605761474706276
kmeans_decision_templates_agg,0.6799999999999999,0.734613040828763,0.6404293381037567,0.6184052757793765,0.7505429723859758,0.6847981254195743,0.05138780493195697
svdd_decision_templates_agg,0.35634743875278396,0.5395876904690767,0.4941927990708479,0.528030525388905,0.39586969168121,0.46280562907256473,0.07341483840872802
parzen_max_agg,0.3262323507555116,0.3786433492315845,0.3431372549019608,0.25611910169063845,0.4901352874859076,0.3588534688131205,0.07680109659646582
svdd_ecoc_agg,0.026967528893780846,0.4214162348877375,0.4863538791781662,0.48903717826501436,-0.003107344632768294,0.2841334953183861,0.22377077018239067
parzen_decision_templates_agg,0.4383160138555823,0.4745098039215686,0.44551724137931037,0.40584246218049036,0.5118726389638424,0.4552116320601588,0.035776101521342675
kmeans_ecoc_agg,0.022246337493217583,0.48013656114214776,0.45151133501259455,0.1631973355537052,0.11295774647887313,0.24600986313610768,0.1852981713575754
