Technique,Fold1,Fold2,Fold3,Fold4,Fold5,mean,std
parzen_ecoc_agg,0.0,0.0,0.0,0.0,0.0,0.0,0.0
kmeans_max_agg,0.8266905508284819,0.8059858625357197,0.905133107809972,0.9140254739336493,0.8460729049229613,0.8595815800061567,0.04283896428554438
svdd_max_agg,0.7086282186417708,0.7016562220232767,0.6408264947245017,0.6983117737338304,0.674665470583838,0.6848176359414435,0.02478249604677236
kmeans_decision_templates_agg,0.8093689966011527,0.8657149230426053,0.9427387733964637,0.9048321652526743,0.9043133737011289,0.8853936463988049,0.04514703803482495
svdd_decision_templates_agg,0.7722357095563893,0.8279872583154309,0.8957996768982229,0.8682617258735137,0.8094954606340229,0.834755966255516,0.04345494583074734
parzen_max_agg,0.8174573620317271,0.9038604859144432,0.9617862697178404,0.9049303559584346,0.8176638176638177,0.8811396582572526,0.05598343761901467
svdd_ecoc_agg,0.6363151478207864,0.5454078261507966,0.630929076946243,0.7709381473808818,0.49399707174231333,0.6155174540082042,0.09434852128391044
parzen_decision_templates_agg,0.1682503054160447,0.26211641029605026,0.3673563218390805,0.5168908590645063,0.3473997960624363,0.3324027385356236,0.11607645805500152
kmeans_ecoc_agg,0.5024017467248909,0.5897954758979548,0.5485644907870304,0.5385936046927535,0.3985476292182828,0.5155805894641825,0.06480089762438301
