Technique,Fold1,Fold2,Fold3,Fold4,Fold5,mean,std
parzen_ecoc_agg,0.3051948051948052,0.33766233766233766,0.35714285714285715,0.30952380952380953,0.3203463203463203,0.32597402597402597,0.01919463140900032
kmeans_max_agg,0.8008658008658008,0.8874458874458875,0.8203463203463204,0.8701298701298701,0.8506493506493507,0.8458874458874458,0.03167577165355276
svdd_max_agg,0.5476190476190477,0.6818181818181818,0.6818181818181818,0.6406926406926406,0.6926406926406926,0.6489177489177489,0.05367616243359749
kmeans_decision_templates_agg,0.8614718614718615,0.9155844155844156,0.8896103896103896,0.8852813852813853,0.8744588744588745,0.8852813852813852,0.018005744019987377
svdd_decision_templates_agg,0.7857142857142857,0.7727272727272727,0.7619047619047619,0.7445887445887446,0.7705627705627706,0.7670995670995671,0.013593349323036867
parzen_max_agg,0.9437229437229437,0.9588744588744589,0.948051948051948,0.9285714285714286,0.9502164502164502,0.9458874458874458,0.009966116392399414
svdd_ecoc_agg,0.39826839826839827,0.3874458874458874,0.4393939393939394,0.4004329004329004,0.4653679653679654,0.41818181818181815,0.029437229437229442
parzen_decision_templates_agg,0.6926406926406926,0.7142857142857143,0.7489177489177489,0.6796536796536796,0.696969696969697,0.7064935064935065,0.02393121205382727
kmeans_ecoc_agg,0.6017316017316018,0.5692640692640693,0.5584415584415584,0.6536796536796536,0.5238095238095238,0.5813852813852813,0.04388337973151232
