Technique,Fold1,Fold2,Fold3,Fold4,Fold5,mean,std
parzen_ecoc_agg,0.18939393939393945,0.2272727272727273,0.25,0.19444444444444442,0.20707070707070707,0.21363636363636368,0.0223937366438337
kmeans_max_agg,0.7676767676767677,0.8686868686868687,0.7904040404040404,0.8484848484848485,0.8257575757575758,0.8202020202020203,0.036955066929144874
svdd_max_agg,0.4722222222222222,0.6287878787878788,0.6287878787878788,0.5808080808080809,0.6414141414141414,0.5904040404040404,0.06262218950586379
kmeans_decision_templates_agg,0.8383838383838383,0.9015151515151515,0.8712121212121212,0.8661616161616161,0.8535353535353536,0.8661616161616162,0.021006701356651936
svdd_decision_templates_agg,0.75,0.7348484848484849,0.7222222222222222,0.702020202020202,0.7323232323232323,0.7282828282828283,0.01585890754354302
parzen_max_agg,0.9343434343434344,0.952020202020202,0.9393939393939394,0.9166666666666666,0.9419191919191919,0.9368686868686869,0.011627135791132672
svdd_ecoc_agg,0.297979797979798,0.28535353535353536,0.3459595959595959,0.3005050505050505,0.3762626262626263,0.32121212121212117,0.03434343434343434
parzen_decision_templates_agg,0.6414141414141414,0.6666666666666667,0.7070707070707071,0.6262626262626263,0.6464646464646464,0.6575757575757576,0.027919747396131827
kmeans_ecoc_agg,0.5353535353535354,0.4974747474747475,0.484848484848485,0.595959595959596,0.4444444444444444,0.5116161616161616,0.05119727635343107
