Technique,Fold1,Fold2,Fold3,Fold4,Fold5,mean,std
k3,0.7543352601156069,0.8497109826589595,0.8208092485549133,0.9246376811594202,0.9449275362318841,0.8588841417441568,0.06955761161707673
k1,0.7543352601156069,0.8034682080924855,0.7774566473988439,0.9188405797101449,0.9043478260869565,0.8316897042808076,0.06722479466755399
k0,0.8063583815028902,0.7658959537572254,0.7312138728323699,0.927536231884058,0.8985507246376812,0.8259110329228448,0.07557231491801673
