Technique,Fold1,Fold2,Fold3,Fold4,Fold5,mean,std
parzen_ecoc_agg,0.11627906976744186,0.10852713178294573,0.10852713178294573,0.10077519379844961,0.109375,0.10869670542635661,0.004914472289915577
kmeans_max_agg,0.8604651162790697,0.8449612403100775,0.9224806201550387,0.9302325581395349,0.875,0.886627906976744,0.033889802578755075
svdd_max_agg,0.7674418604651163,0.7596899224806202,0.7054263565891473,0.751937984496124,0.734375,0.7437742248062016,0.022086275404293514
kmeans_decision_templates_agg,0.8449612403100775,0.8914728682170543,0.9534883720930233,0.9224806201550387,0.921875,0.9068556201550386,0.036638447736809875
svdd_decision_templates_agg,0.813953488372093,0.8604651162790697,0.9147286821705426,0.8914728682170543,0.84375,0.864874031007752,0.03535972075925296
parzen_max_agg,0.8527131782945736,0.9224806201550387,0.9689922480620154,0.9224806201550387,0.8515625,0.9036458333333333,0.045357383671326336
svdd_ecoc_agg,0.7131782945736435,0.627906976744186,0.7054263565891473,0.813953488372093,0.578125,0.687718023255814,0.08060421225880288
parzen_decision_templates_agg,0.26356589147286824,0.4263565891472868,0.5038759689922481,0.6201550387596899,0.4921875,0.4612281976744185,0.11689436940280118
kmeans_ecoc_agg,0.5891472868217055,0.6589147286821705,0.6201550387596899,0.6124031007751938,0.484375,0.592999031007752,0.05877561046236136
