Technique,Fold1,Fold2,Fold3,Fold4,Fold5,mean,std
k3,0.9090909090909091,0.9454545454545454,0.9,0.926605504587156,0.9357798165137615,0.9233861551292744,0.016746624830225893
k1,0.9545454545454546,0.9818181818181818,0.9454545454545454,0.944954128440367,0.9357798165137615,0.9525104253544621,0.015810643687980803
k0,0.9818181818181818,0.9818181818181818,0.9636363636363636,0.9357798165137615,0.9357798165137615,0.9597664720600501,0.020679705780879857
