Technique,Fold1,Fold2,Fold3,Fold4,Fold5,mean,std
k3,0.34328358208955234,0.6266968325791855,0.197080291970803,0.40760869565217395,0.5627507163323783,0.4274840237248186,0.15398275486844626
k1,0.755011135857461,0.8977695167286245,0.6800775569558895,0.6457204767063922,0.5860010851871948,0.7129159542871124,0.10737208240878275
k0,0.9023957409050577,0.9062633148700469,0.8323809523809524,0.6069036579082947,0.6701253782965846,0.7836138088721872,0.12299299517710757
