Technique,Fold1,Fold2,Fold3,Fold4,Fold5,mean,std
parzen_ecoc_agg,0.009746588693957114,0.009746588693957114,0.009746588693957114,0.011695906432748537,0.009746588693957114,0.010136452241715398,0.0007797270955165692
kmeans_max_agg,0.19298245614035087,0.33723196881091616,0.6881091617933723,0.631578947368421,0.6393762183235867,0.4978557504873294,0.19639451191939664
svdd_max_agg,0.2651072124756335,0.4502923976608187,0.4405458089668616,0.50682261208577,0.4853801169590643,0.4296296296296296,0.0856511670418685
kmeans_decision_templates_agg,0.11695906432748537,0.391812865497076,0.6588693957115009,0.682261208576998,0.6296296296296297,0.49590643274853796,0.21614971752570875
svdd_decision_templates_agg,0.1111111111111111,0.46588693957115007,0.4522417153996101,0.5009746588693957,0.48148148148148145,0.40233918128654966,0.14651609499993792
parzen_max_agg,0.23976608187134502,0.42300194931773877,0.7037037037037037,0.7524366471734892,0.7173489278752436,0.567251461988304,0.20174073086164573
svdd_ecoc_agg,0.015594541910331383,0.05263157894736842,0.04678362573099415,0.03508771929824561,0.05458089668615984,0.04093567251461988,0.014377457243341734
parzen_decision_templates_agg,0.021442495126705652,0.16374269005847952,0.3235867446393762,0.4327485380116959,0.49122807017543857,0.28654970760233917,0.17320650674600557
kmeans_ecoc_agg,0.009746588693957114,0.07017543859649122,0.07797270955165692,0.06432748538011696,0.07602339181286549,0.05964912280701754,0.025404030499251322
