Technique,Fold1,Fold2,Fold3,Fold4,Fold5,mean,std
parzen_ecoc_agg,0.0,0.0,0.0,0.0,0.0,0.0,0.0
kmeans_max_agg,0.18491426290661783,0.3300865717731465,0.6848059413772845,0.6276898855694647,0.6355302774278779,0.49260538781087837,0.19834444399030154
svdd_max_agg,0.2577942711531376,0.44439579684763575,0.43457723193197917,0.5015534569698179,0.4797839731426068,0.4236209460090354,0.08634568038276588
kmeans_decision_templates_agg,0.10762395551732606,0.3851945178538504,0.6552273713559329,0.6788861879471434,0.6256898067964931,0.4905243678941492,0.21844177878076584
svdd_decision_templates_agg,0.10198660242998914,0.4601472514220093,0.4463171156084239,0.4956410866943691,0.4759778038056105,0.3960139719920804,0.1479292764951765
parzen_max_agg,0.23207424779202646,0.41664009466037133,0.7005449455246493,0.749813755232134,0.7143729336819915,0.5626891953782345,0.20379614746244673
svdd_ecoc_agg,0.005245151306872198,0.04234797939641155,0.03626996749878997,0.025429745817678095,0.044773426192185495,0.03081325404238746,0.014425131233298527
parzen_decision_templates_agg,0.009884773757482646,0.15533354570541424,0.31593165887850483,0.42641261498028904,0.4860390308315933,0.2787203248306568,0.17531434202191506
kmeans_ecoc_agg,-0.0008756567425569628,0.060760523699674884,0.06870466321243529,0.054072742359286274,0.06585377097547473,0.049703208700862846,0.025773919392518045
