Technique,Fold1,Fold2,Fold3,Fold4,Fold5,mean,std
parzen_ecoc_agg,0.5116279069767442,0.3023255813953488,0.20930232558139536,0.27906976744186046,0.35714285714285715,0.3318936877076412,0.10162203665008016
kmeans_max_agg,0.5348837209302325,0.4883720930232558,0.5813953488372093,0.5348837209302325,0.5,0.5279069767441861,0.03255813953488373
svdd_max_agg,0.5116279069767442,0.5813953488372093,0.3953488372093023,0.5348837209302325,0.47619047619047616,0.4998892580287929,0.06244354730072534
kmeans_decision_templates_agg,0.46511627906976744,0.627906976744186,0.5581395348837209,0.5116279069767442,0.5238095238095238,0.5373200442967885,0.0542133697816255
svdd_decision_templates_agg,0.4883720930232558,0.3953488372093023,0.4186046511627907,0.3023255813953488,0.4523809523809524,0.41140642303433006,0.06294587671231125
parzen_max_agg,0.4418604651162791,0.4883720930232558,0.5813953488372093,0.5116279069767442,0.40476190476190477,0.4856035437430786,0.06051417981091585
svdd_ecoc_agg,0.4883720930232558,0.5348837209302325,0.3488372093023256,0.37209302325581395,0.35714285714285715,0.42026578073089704,0.07639751416241757
parzen_decision_templates_agg,0.3953488372093023,0.6046511627906976,0.5348837209302325,0.5813953488372093,0.5,0.5232558139534884,0.07354134093414835
kmeans_ecoc_agg,0.4186046511627907,0.37209302325581395,0.4883720930232558,0.3488372093023256,0.23809523809523808,0.37320044296788485,0.08267316495093721
