Technique,Fold1,Fold2,Fold3,Fold4,Fold5,mean,std
parzen_ecoc_agg,0.34895457822638787,0.22007255139056836,0.11821471652593485,0.1422136422136422,0.20197044334975378,0.20628518634125742,0.08052929186742822
kmeans_max_agg,0.3528969149736644,0.285498489425982,0.42152466367713015,0.3874643874643875,0.31039874902267395,0.3515566409127676,0.04948603489716223
svdd_max_agg,0.33846153846153837,0.43586005830903807,0.22522522522522503,0.3582089552238805,0.28372093023255807,0.32829534149044803,0.0709629074342724
kmeans_decision_templates_agg,0.33846153846153837,0.4926253687315635,0.42907058001397624,0.35499999999999987,0.3665158371040723,0.3963346648622301,0.05707986608254787
svdd_decision_templates_agg,0.32331902718168803,0.22199025748086287,0.31441326530612235,0.11218169304886416,0.28178438661710037,0.25073772592692756,0.07785975332100772
parzen_max_agg,0.21699544764795142,0.31200000000000017,0.417607223476298,0.3750865051903114,0.25637393767705396,0.315612622798323,0.07373962482580791
svdd_ecoc_agg,0.25511811023622033,0.36484490398818326,0.01068200493015603,0.06672025723472663,0.06048053024026501,0.15156916132591025,0.1353178430986745
parzen_decision_templates_agg,0.24459459459459465,0.4891684136967156,0.4121667805878333,0.47773279352226716,0.4127829560585886,0.4072891076919999,0.08739566611671641
kmeans_ecoc_agg,0.2310443490701003,0.18867924528301883,0.30492285084496695,0.10149253731343266,0.16676999380037183,0.19858179526237812,0.06767364733715361
