Technique,Fold1,Fold2,Fold3,Fold4,Fold5,mean,std
k3,0.5813953488372093,0.6046511627906976,0.627906976744186,0.6511627906976745,0.6666666666666666,0.6263565891472868,0.030774315102758458
k1,0.5581395348837209,0.627906976744186,0.6976744186046512,0.7441860465116279,0.6666666666666666,0.6589147286821705,0.06316759313942127
k0,0.6976744186046512,0.7674418604651163,0.7906976744186046,0.7906976744186046,0.6190476190476191,0.7331118493909192,0.06644887402075954
