Technique,Fold1,Fold2,Fold3,Fold4,Fold5,mean,std
k3,0.39625585023400933,0.4394171779141105,0.4582677165354331,0.49451410658307215,0.5219512195121951,0.46208121415576403,0.04358323046970045
k1,0.3531274742676168,0.4815373021853806,0.5809595202398801,0.6372699386503067,0.5314741035856573,0.5168736677857683,0.09682655201331124
k0,0.5886681383370126,0.6798212956068503,0.717930029154519,0.7111940298507462,0.49321266968325794,0.6381652325264773,0.08589768730194802
