Technique,Fold1,Fold2,Fold3,Fold4,Fold5,mean,std
parzen_ecoc_agg,0.038461538461538464,0.038461538461538464,0.038461538461538464,0.038461538461538464,0.038461538461538464,0.038461538461538464,0.0
kmeans_max_agg,0.48717948717948717,0.6602564102564102,0.41025641025641024,0.6217948717948718,0.5961538461538461,0.5551282051282052,0.09250335388485871
svdd_max_agg,0.038461538461538464,0.07692307692307693,0.04487179487179487,0.057692307692307696,0.038461538461538464,0.05128205128205128,0.014617633655117155
kmeans_decision_templates_agg,0.5512820512820513,0.7692307692307693,0.7307692307692307,0.7692307692307693,0.7115384615384616,0.7064102564102565,0.08071833968562664
svdd_decision_templates_agg,0.038461538461538464,0.07692307692307693,0.04487179487179487,0.057692307692307696,0.038461538461538464,0.05128205128205128,0.014617633655117155
parzen_max_agg,0.038461538461538464,0.038461538461538464,0.038461538461538464,0.04487179487179487,0.038461538461538464,0.03974358974358975,0.0025641025641025632
svdd_ecoc_agg,0.038461538461538464,0.038461538461538464,0.038461538461538464,0.038461538461538464,0.038461538461538464,0.038461538461538464,0.0
parzen_decision_templates_agg,0.038461538461538464,0.038461538461538464,0.038461538461538464,0.038461538461538464,0.038461538461538464,0.038461538461538464,0.0
kmeans_ecoc_agg,0.1987179487179487,0.3333333333333333,0.25,0.28205128205128205,0.25,0.26282051282051283,0.044226123873488045
