Technique,Fold1,Fold2,Fold3,Fold4,Fold5,mean,std
parzen_ecoc_agg,0.0,0.0,0.0,0.0,0.0,0.0,0.0
kmeans_max_agg,0.4666666666666667,0.6466666666666667,0.3866666666666668,0.6066666666666667,0.5800000000000001,0.5373333333333333,0.09620348804025303
svdd_max_agg,0.0,0.040000000000000036,0.00666666666666671,0.02000000000000024,0.0,0.013333333333333397,0.015202339001321868
kmeans_decision_templates_agg,0.5333333333333333,0.76,0.72,0.76,0.7,0.6946666666666668,0.0839470732730517
svdd_decision_templates_agg,0.0,0.040000000000000036,0.00666666666666671,0.02000000000000024,0.0,0.013333333333333397,0.015202339001321868
parzen_max_agg,0.0,0.0,0.0,0.00666666666666671,0.0,0.001333333333333342,0.002666666666666684
svdd_ecoc_agg,0.0,0.0,0.0,0.0,0.0,0.0,0.0
parzen_decision_templates_agg,0.0,0.0,0.0,0.0,0.0,0.0,0.0
kmeans_ecoc_agg,0.16666666666666663,0.30666666666666664,0.2200000000000002,0.2533333333333333,0.21999999999999997,0.23333333333333334,0.045995168828427566
