Technique,Fold1,Fold2,Fold3,Fold4,Fold5,mean,std
parzen_ecoc_agg,0.09375,0.0625,0.0625,0.15625,0.0967741935483871,0.09435483870967742,0.03425402632478256
kmeans_max_agg,0.40625,0.5,0.375,0.5625,0.45161290322580644,0.4590725806451613,0.0667627970639353
svdd_max_agg,0.46875,0.34375,0.5625,0.09375,0.22580645161290322,0.33891129032258066,0.16719460371042344
kmeans_decision_templates_agg,0.40625,0.5,0.4375,0.5625,0.3870967741935484,0.4586693548387097,0.06450982832136534
svdd_decision_templates_agg,0.46875,0.53125,0.34375,0.5625,0.4838709677419355,0.4780241935483871,0.07499187000680531
parzen_max_agg,0.40625,0.28125,0.40625,0.59375,0.3870967741935484,0.4149193548387097,0.10076934801039017
svdd_ecoc_agg,0.40625,0.3125,0.3125,0.28125,0.41935483870967744,0.3463709677419355,0.055583035679593835
parzen_decision_templates_agg,0.09375,0.15625,0.34375,0.1875,0.0967741935483871,0.1756048387096774,0.09132730713831606
kmeans_ecoc_agg,0.375,0.28125,0.40625,0.46875,0.2903225806451613,0.36431451612903226,0.07092821021400675
