Technique,Fold1,Fold2,Fold3,Fold4,Fold5,mean,std
parzen_ecoc_agg,0.0,0.0,-0.004184100418409997,0.05984766050054402,0.0,0.011132712016426804,0.024411320240807322
kmeans_max_agg,0.15672676837725386,0.33506493506493507,0.19999999999999996,0.4413965087281796,0.2720994475138122,0.28105753193683614,0.10073142171007611
svdd_max_agg,0.25784447476125516,0.14720812182741116,0.4226804123711341,-0.13170731707317063,0.06415094339622629,0.15203532705657122,0.18585004322966356
kmeans_decision_templates_agg,0.18169582772543746,0.3218543046357616,0.28447204968944095,0.4314720812182741,0.18194444444444446,0.2802877415426717,0.09380166493136675
svdd_decision_templates_agg,0.28232189973614774,0.37662337662337664,0.18148599269183918,0.4516523867809058,0.3224043715846995,0.32289760548339375,0.09067317971752226
parzen_max_agg,0.2779097387173397,0.08910891089108908,0.31685393258426964,0.508274231678487,0.2534854245880862,0.2891264476918543,0.13431133739238746
svdd_ecoc_agg,0.2020997375328084,0.09974424552429673,0.14769975786924938,0.08798017348203224,0.256,0.15870478288167736,0.06316471685838998
parzen_decision_templates_agg,0.0,0.10373443983402486,0.27508090614886727,0.11770943796394484,0.003444316877152742,0.09999382016479794,0.1003034333252348
kmeans_ecoc_agg,0.13161465400271366,0.07187894073139978,0.20833333333333337,0.34615384615384615,0.1682926829268293,0.18525469142962445,0.0921305442262054
