Technique,Fold1,Fold2,Fold3,Fold4,Fold5,mean,std
k3,0.9302325581395349,0.9479643459407372,0.9306692344727974,0.964729259811227,0.8943452380952381,0.9335881272919069,0.023393289334134506
k1,0.9478890229191798,0.9652005799903335,0.9304347826086956,0.964729259811227,0.8941877794336811,0.9404882849526233,0.026449586126307836
k0,0.8954248366013072,0.9652677279305355,0.9304683727667793,0.9471332836932241,0.8941877794336811,0.9264964000851055,0.028121743973879596
