Technique,Fold1,Fold2,Fold3,Fold4,Fold5,mean,std
parzen_ecoc_agg,,0.02702702702702703,0.023166023166023165,0.023166023166023165,0.02702702702702703,0.025096525096525095,0.0019305019305019318
kmeans_max_agg,,0.806949806949807,0.833976833976834,0.6138996138996139,0.5482625482625483,0.7007722007722008,0.12229390706341202
svdd_max_agg,,0.7953667953667953,0.6988416988416989,0.16602316602316602,0.6216216216216216,0.5704633204633204,0.2414806365734629
kmeans_decision_templates_agg,,0.806949806949807,0.8378378378378378,0.4092664092664093,0.6602316602316602,0.6785714285714286,0.16934309676017995
svdd_decision_templates_agg,,0.640926640926641,0.7567567567567568,0.5096525096525096,0.6525096525096525,0.6399613899613901,0.08772108155201978
parzen_max_agg,,0.0,0.0,0.0,0.0,0.0,0.0
svdd_ecoc_agg,,0.4980694980694981,0.46332046332046334,0.5057915057915058,0.5135135135135135,0.49517374517374524,0.01918398350806156
parzen_decision_templates_agg,,0.0,0.0,0.0,0.0,0.0,0.0
kmeans_ecoc_agg,,0.5366795366795367,0.5212355212355212,0.3552123552123552,0.416988416988417,0.45752895752895756,0.0748925279585746
