Technique,Fold1,Fold2,Fold3,Fold4,Fold5,mean,std
parzen_ecoc_agg,0.2529411764705882,0.2485207100591716,0.2603550295857988,0.26627218934911245,0.24260355029585798,0.2541385311521058,0.00838951571233366
kmeans_max_agg,0.4823529411764706,0.41420118343195267,0.4437869822485207,0.40828402366863903,0.44970414201183434,0.43966585450748347,0.026732777850221233
svdd_max_agg,0.3235294117647059,0.28402366863905326,0.30177514792899407,0.30177514792899407,0.3136094674556213,0.30494256874347375,0.013253311718912166
kmeans_decision_templates_agg,0.5235294117647059,0.5857988165680473,0.5384615384615384,0.5443786982248521,0.5739644970414202,0.5532265924121128,0.02310508629283061
svdd_decision_templates_agg,0.3235294117647059,0.28402366863905326,0.30177514792899407,0.30177514792899407,0.3136094674556213,0.30494256874347375,0.013253311718912166
parzen_max_agg,0.5764705882352941,0.6331360946745562,0.6153846153846154,0.6153846153846154,0.5798816568047337,0.6040515140967629,0.022125463474831436
svdd_ecoc_agg,0.23529411764705882,0.23668639053254437,0.23668639053254437,0.23668639053254437,0.23076923076923078,0.23522450400278455,0.0022919704327398894
parzen_decision_templates_agg,0.4588235294117647,0.4556213017751479,0.46153846153846156,0.44970414201183434,0.42011834319526625,0.44916115558649505,0.015047075763727805
kmeans_ecoc_agg,0.3058823529411765,0.31952662721893493,0.34911242603550297,0.30177514792899407,0.31952662721893493,0.3191646362687087,0.01658882480419942
