Technique,Fold1,Fold2,Fold3,Fold4,Fold5,mean,std
k3,0.47777777777777775,0.47777777777777775,0.5333333333333333,0.4222222222222223,0.37222222222222223,0.45666666666666667,0.054929809308036766
k1,0.2666666666666667,0.4722222222222222,0.46111111111111114,0.3666666666666668,0.4722222222222222,0.40777777777777785,0.08093588378433025
k0,0.34444444444444433,0.5666666666666667,0.5277777777777778,0.37777777777777777,0.38888888888888884,0.44111111111111106,0.08872206567856504
