Technique,Fold1,Fold2,Fold3,Fold4,Fold5,mean,std
parzen_ecoc_agg,0.038461538461538464,0.038461538461538464,0.038461538461538464,0.038461538461538464,0.038461538461538464,0.038461538461538464,0.0
kmeans_max_agg,0.6217948717948718,0.7307692307692307,0.5064102564102564,0.5833333333333334,0.5256410256410257,0.5935897435897436,0.07992024295132666
svdd_max_agg,0.3717948717948718,0.8141025641025641,0.7051282051282052,0.782051282051282,0.7115384615384616,0.676923076923077,0.15809309086117826
kmeans_decision_templates_agg,0.7243589743589743,0.8205128205128205,0.7692307692307693,0.8269230769230769,0.7692307692307693,0.7820512820512819,0.0378150800096221
svdd_decision_templates_agg,0.6666666666666666,0.8141025641025641,0.7115384615384616,0.8076923076923077,0.8076923076923077,0.7615384615384615,0.06086706395112421
parzen_max_agg,0.038461538461538464,0.038461538461538464,0.038461538461538464,0.038461538461538464,0.038461538461538464,0.038461538461538464,0.0
svdd_ecoc_agg,0.08333333333333333,0.22435897435897437,0.1794871794871795,0.27564102564102566,0.23076923076923078,0.19871794871794873,0.06524620846153577
parzen_decision_templates_agg,0.038461538461538464,0.038461538461538464,0.038461538461538464,0.038461538461538464,0.038461538461538464,0.038461538461538464,0.0
kmeans_ecoc_agg,0.36538461538461536,0.40384615384615385,0.42948717948717946,0.36538461538461536,0.4166666666666667,0.3961538461538462,0.02639905164355642
