Technique,Fold1,Fold2,Fold3,Fold4,Fold5,mean,std
parzen_ecoc_agg,0.31313131313131315,0.3207070707070707,0.3282828282828283,0.2777777777777778,0.29040404040404044,0.3060606060606061,0.01899151078481127
kmeans_max_agg,0.595959595959596,0.6414141414141414,0.3787878787878788,0.6818181818181819,0.4772727272727273,0.5550505050505052,0.11164243943149982
svdd_max_agg,0.5580808080808081,0.5883838383838385,0.5909090909090908,0.5732323232323233,0.505050505050505,0.5631313131313131,0.03133755971209815
kmeans_decision_templates_agg,0.6868686868686869,0.7171717171717171,0.7550505050505051,0.7297979797979798,0.6818181818181819,0.7141414141414142,0.027263372881345
svdd_decision_templates_agg,0.5732323232323233,0.5883838383838385,0.601010101010101,0.5833333333333333,0.5227272727272727,0.5737373737373737,0.027028460929817484
parzen_max_agg,0.595959595959596,0.5909090909090908,0.6060606060606061,0.6742424242424243,0.6893939393939394,0.6313131313131313,0.0418003670637547
svdd_ecoc_agg,0.015151515151515138,0.017676767676767624,0.017676767676767624,0.012626262626262652,0.007575757575757569,0.014141414141414121,0.0037794519058322435
parzen_decision_templates_agg,0.547979797979798,0.5782828282828283,0.5757575757575757,0.5858585858585859,0.5429292929292929,0.5661616161616162,0.017304890605062424
kmeans_ecoc_agg,0.3737373737373738,0.33838383838383834,0.297979797979798,0.41666666666666663,0.3484848484848485,0.3550505050505051,0.039303184764330736
