Technique,Fold1,Fold2,Fold3,Fold4,Fold5,mean,std
parzen_ecoc_agg,0.13333333333333333,0.16666666666666666,0.13559322033898305,0.22033898305084745,0.1694915254237288,0.16508474576271187,0.031473338501339994
kmeans_max_agg,0.5166666666666667,0.45,0.423728813559322,0.4745762711864407,0.5084745762711864,0.47468926553672314,0.03495737316577278
svdd_max_agg,0.5833333333333334,0.5333333333333333,0.5254237288135594,0.5084745762711864,0.5423728813559322,0.5385875706214689,0.024996791903709445
kmeans_decision_templates_agg,0.5166666666666667,0.4,0.5423728813559322,0.576271186440678,0.576271186440678,0.522316384180791,0.06514249242974314
svdd_decision_templates_agg,0.55,0.48333333333333334,0.5423728813559322,0.5423728813559322,0.576271186440678,0.5388700564971751,0.030435464008903543
parzen_max_agg,0.4166666666666667,0.4,0.3898305084745763,0.4915254237288136,0.4915254237288136,0.437909604519774,0.04460787405584989
svdd_ecoc_agg,0.4666666666666667,0.21666666666666667,0.3220338983050847,0.5084745762711864,0.423728813559322,0.3875141242937853,0.10553158143271493
parzen_decision_templates_agg,0.35,0.36666666666666664,0.3728813559322034,0.4406779661016949,0.4915254237288136,0.40435028248587573,0.05344811931875972
kmeans_ecoc_agg,0.4166666666666667,0.6666666666666666,0.2033898305084746,0.3220338983050847,0.5254237288135594,0.4268361581920904,0.16015828137615606
