Technique,Fold1,Fold2,Fold3,Fold4,Fold5,mean,std
parzen_ecoc_agg,0.049939098660170544,0.02597402597402587,0.05018939393939381,0.06991089787525706,0.06651598320955765,0.05250587993168099,0.015589171827595939
kmeans_max_agg,0.2756036636136553,0.2226148409893992,0.19308125502815776,0.20131004366812222,0.2442579505300353,0.22737355076587393,0.029963778161773903
svdd_max_agg,0.33920704845814975,0.30607187112763323,0.2931108258451006,0.1470588235294118,0.2590697674418605,0.26890366728043114,0.06611036052354756
kmeans_decision_templates_agg,0.2682926829268293,0.1644100580270793,0.31068801384681943,0.3049010367577757,0.3012790146849835,0.26991416124869744,0.05477971802265318
svdd_decision_templates_agg,0.30739632321504917,0.2562974810075971,0.30008787346221444,0.2524636320976067,0.31139122315592904,0.2855273065876793,0.025716902808981024
parzen_max_agg,0.19416730621642375,0.19161676646706582,0.17160686427457106,0.2704039571310799,0.2618849040867389,0.2179359596351759,0.04022047829384884
svdd_ecoc_agg,0.24617196702002364,0.03754266211604096,0.08491663435440089,0.21621621621621623,0.202068416865553,0.15738317931444695,0.08118459855063337
parzen_decision_templates_agg,0.1603875134553283,0.1623806024981631,0.18514371033967914,0.24034334763948484,0.2682926829268293,0.20330957137189695,0.043455235421985074
kmeans_ecoc_agg,0.19137466307277629,0.41944847605224966,0.044781260764726105,0.12235031610264036,0.11563169164882225,0.17871728152824293,0.1290020165921524
