Technique,Fold1,Fold2,Fold3,Fold4,Fold5,mean,std
parzen_ecoc_agg,,0.0,0.0,0.0,0.0,0.0,0.0
kmeans_max_agg,,0.7239806466739135,0.7571416110602294,0.4251725592027875,0.3400339750849378,0.561582198005467,0.18187079534779846
svdd_max_agg,,0.7016842334021515,0.5634642810838844,-0.20226940600017196,0.43785435861091426,0.37518336677419456,0.3462050969456913
kmeans_decision_templates_agg,,0.7263718384854312,0.7630942788074133,0.14110150204824756,0.5069548099595474,0.5343806073251599,0.24728081475009195
svdd_decision_templates_agg,,0.49358758725086194,0.6472381364176846,0.3210518711168906,0.49840764331210197,0.4900713095243847,0.11548900456900987
parzen_max_agg,,0.0,0.0,0.0,0.0,0.0,0.0
svdd_ecoc_agg,,0.31021060394984834,0.25846052441862855,0.28754405570360186,0.28593934619929107,0.28553863256784245,0.01834470227465487
parzen_decision_templates_agg,,0.0,0.0,0.0,0.0,0.0,0.0
kmeans_ecoc_agg,,0.36982968369829694,0.3358012946456269,0.1445890356775572,0.17972649859473977,0.2574866281540552,0.09688479402462187
