Technique,Fold1,Fold2,Fold3,Fold4,Fold5,mean,std
parzen_ecoc_agg,0.0,0.0,0.0,0.0,0.0,0.0,0.0
kmeans_max_agg,0.806857313969157,0.8561017327284897,0.8761264588565519,0.933130924170616,0.7693174138319441,0.8483067687113517,0.05654592727309565
svdd_max_agg,0.7689724647414372,0.858324791331088,0.7382608695652174,0.7082299722749161,0.7506555780325167,0.7648887351890351,0.05073226752219657
kmeans_decision_templates_agg,0.7996449966718439,0.8750279454504807,0.9334119902662046,0.8858659588586596,0.8664281454979129,0.8720758073490202,0.04298634469832628
svdd_decision_templates_agg,0.7630418809698751,0.8861764705882353,0.8403697772601543,0.8031822144725371,0.8293838862559242,0.8244308459093453,0.040770611137297914
parzen_max_agg,0.8372420958883776,0.9038461538461539,0.9617862697178404,0.9051400838296934,0.7790287472791413,0.8774086701122412,0.06305476043833652
svdd_ecoc_agg,0.5808361614557008,0.6173526140155727,0.4448982568740427,0.6279203922699741,0.6713735558408216,0.5884761960912224,0.07737526625074471
parzen_decision_templates_agg,0.20885860306643955,0.3238785262833359,0.3992671196274524,0.4968644845518507,0.39764705882352946,0.36530315847052164,0.0956022595289642
kmeans_ecoc_agg,0.3940733577398631,0.3240485383342526,0.5517915309446253,0.817674626199509,0.6320754716981132,0.5439327049832727,0.17525548128372398
