Technique,Fold1,Fold2,Fold3,Fold4,Fold5,mean,std
parzen_ecoc_agg,0.5545243619489559,0.10194802903222011,0.6031657117249768,0.015166990092942423,0.4428240740740741,0.3435258333746339,0.2399886462349858
kmeans_max_agg,0.8628704075199174,0.8976259818197865,0.8647067535545023,0.9019939168638054,0.8270591138407546,0.8708512347197532,0.02722481161022347
svdd_max_agg,0.5533967417623927,0.5157794008514627,0.5500517181933111,0.5149932515697435,0.5394964776533087,0.5347435180060438,0.016459557336963387
kmeans_decision_templates_agg,0.8704365585907583,0.8600631689770135,0.8387048929890394,0.8765432098765432,0.8574867528915731,0.8606469166649855,0.012963865367524035
svdd_decision_templates_agg,0.7344461305007588,0.7557718155060653,0.749415472196808,0.7266824909243228,0.6598784518605396,0.7252388721976989,0.0342800548474652
parzen_max_agg,0.893208948353638,0.8859365440083908,0.8584298584298584,0.41974503948704733,0.7647949390359295,0.7644230658629728,0.17832088273933022
svdd_ecoc_agg,0.12277929524368492,0.08809200386614757,0.089669418698062,0.09335920655454955,0.08738097403187872,0.09625617967886455,0.013421449807999766
parzen_decision_templates_agg,0.9044502042788736,0.7944871775943779,0.8930771232757873,0.4950127545175431,0.7065375117741401,0.7587129542881443,0.1502217981228767
kmeans_ecoc_agg,0.5525091689775472,0.6865846973138068,0.6611946558025283,0.6033736038294962,0.09321952909414533,0.5193763310035048,0.21809815295916318
