Technique,Fold1,Fold2,Fold3,Fold4,Fold5,mean,std
k3,0.7619047619047619,0.85,0.85,0.9,0.85,0.8423809523809525,0.044655395064762606
k1,0.9047619047619048,0.9,0.95,0.9,0.9,0.910952380952381,0.019610724078070452
k0,1.0,1.0,0.95,0.9,0.9,0.95,0.04472135954999579
