Technique,Fold1,Fold2,Fold3,Fold4,Fold5,mean,std
k3,0.6612903225806452,0.8,0.797979797979798,0.8666666666666667,0.7972972972972973,0.7846468169048815,0.06710827626540017
k1,0.8715596330275229,0.8666666666666667,0.9344262295081968,0.867109634551495,0.8705501618122977,0.8820624651132357,0.026250425453085362
k0,1.0,1.0,0.9344262295081968,0.867109634551495,0.869281045751634,0.934163381962265,0.058948981725051586
