Technique,Fold1,Fold2,Fold3,Fold4,Fold5,mean,std
k3,0.5060091388309317,0.5087463935747147,0.5189150885131226,0.49812120502918955,0.5137679086819731,0.5091119469259864,0.007047510477041081
k1,0.5580196681247684,0.6412486108132348,0.6073715344362466,0.5865539007599347,0.6281802935555585,0.6042748015379487,0.02967049904207194
k0,0.7945824367983463,0.8336128118134903,0.7945784307352272,0.7763794269072755,0.8335933437337494,0.8065492899976178,0.023067478151821717
