Technique,Fold1,Fold2,Fold3,Fold4,Fold5,mean,std
parzen_ecoc_agg,0.276282724905195,0.2581688641388912,0.1613874503191618,0.13642754760767184,0.2094059538829086,0.2083345081707657,0.05380745005369623
kmeans_max_agg,0.3180539026951348,0.3190629038309225,0.25708371069996117,0.28478142036136933,0.28914505283381353,0.29362539808424026,0.023140453273663538
svdd_max_agg,0.2759092658863114,0.3315985652999509,0.30809792843691153,0.2374574977447782,0.18934593491569107,0.2684818384567286,0.05066226093811682
kmeans_decision_templates_agg,0.3376726553026608,0.2863275554835575,0.3081944347583514,0.2693674990046072,0.3445693412126426,0.30922629715236394,0.028887599260791066
svdd_decision_templates_agg,0.27705156136528675,0.3041482143582659,0.21095683543772803,0.24450465894323548,0.298302651007166,0.2669927842223364,0.03495069692879112
parzen_max_agg,0.3908484270734033,0.38142898466878794,0.34618903310652416,0.2879489721922127,0.35032259965235846,0.3513476033386573,0.03608947904609296
svdd_ecoc_agg,0.06465737530560667,0.04816577989358728,0.0886289981682401,0.09124685826685608,0.011308012777690002,0.06080140488239603,0.0294123238410716
parzen_decision_templates_agg,0.35416897506925205,0.3829696486062574,0.2312512771609564,0.2821701238324068,0.3504895493368516,0.32020991480114486,0.055442805010102306
kmeans_ecoc_agg,0.12736685010726623,0.0811444018923182,0.06710713622578457,0.09520182787509524,0.09818584683561837,0.09380121258721652,0.020102772607581868
