Technique,Fold1,Fold2,Fold3,Fold4,Fold5,mean,std
k3,0.23773852946822793,0.3206471672040534,0.35416962527682994,0.3482151082450484,0.36393159440317846,0.32494040491946763,0.04591071980973999
k1,0.2849309387491792,0.4327051559692209,0.6139673276639855,0.5549182876688664,0.5587825359099687,0.4890608491922442,0.11802112409379893
k0,0.261587179733231,0.5369911626781578,0.7931403949399756,0.8384531192995257,0.7990661024368889,0.6458475918175559,0.21989713846472417
