Technique,Fold1,Fold2,Fold3,Fold4,Fold5,mean,std
parzen_ecoc_agg,0.10454545454545454,0.11818181818181818,0.10909090909090909,0.10909090909090909,0.10909090909090909,0.10999999999999999,0.004453617714151235
kmeans_max_agg,0.8772727272727273,0.85,0.9227272727272727,0.8727272727272727,0.8772727272727273,0.8799999999999999,0.023636363636363643
svdd_max_agg,0.7818181818181819,0.7045454545454546,0.6954545454545454,0.6636363636363637,0.7181818181818181,0.7127272727272727,0.03893202382793429
kmeans_decision_templates_agg,0.9363636363636364,0.9636363636363636,0.9363636363636364,0.8909090909090909,0.9136363636363637,0.9281818181818183,0.024461134631043116
svdd_decision_templates_agg,0.740909090909091,0.7454545454545455,0.7636363636363637,0.7136363636363636,0.7272727272727273,0.7381818181818183,0.0169100683979439
parzen_max_agg,0.9409090909090909,0.9636363636363636,0.9681818181818181,0.9363636363636364,0.9590909090909091,0.9536363636363637,0.012662171161076452
svdd_ecoc_agg,0.30454545454545456,0.2727272727272727,0.2409090909090909,0.23636363636363636,0.21818181818181817,0.2545454545454545,0.03055952057085748
parzen_decision_templates_agg,0.6590909090909091,0.6590909090909091,0.6590909090909091,0.6590909090909091,0.6545454545454545,0.6581818181818182,0.0018181818181818078
kmeans_ecoc_agg,0.5954545454545455,0.5727272727272728,0.6090909090909091,0.6818181818181818,0.55,0.6018181818181818,0.044776764930999066
