Technique,Fold1,Fold2,Fold3,Fold4,Fold5,mean,std
parzen_ecoc_agg,0.0,0.024992004386165445,0.005076142131979711,0.0150303805564439,0.01005555810643266,0.011030817036204343,0.008590686448177037
kmeans_max_agg,0.8636614028644878,0.8332261325002297,0.9141098658827852,0.858641026229433,0.8635799917321207,0.8666436838418112,0.026275821255465102
svdd_max_agg,0.7574978183989345,0.6717020983516231,0.6617404075637966,0.6264941381604607,0.686724850711989,0.6808318626373607,0.043157434203969634
kmeans_decision_templates_agg,0.929289682721888,0.9595866819747417,0.9292864358526953,0.8787878787878788,0.9040337947976215,0.920196894826965,0.027176483551745668
svdd_decision_templates_agg,0.7119228118538938,0.7170418006430869,0.7371685888893994,0.6816793367171172,0.6970044760702399,0.7089634028347475,0.018745598558274925
parzen_max_agg,0.9343434343434344,0.9595922490586831,0.9646383467278989,0.9293010444163893,0.954533973225562,0.9484818095543937,0.014063425254219516
svdd_ecoc_agg,0.22442396313364066,0.18852874729125357,0.15365123243492285,0.14899495751882297,0.12710495963091095,0.1685407720019102,0.034185125439002616
parzen_decision_templates_agg,0.6205326341934594,0.6203055964653903,0.6218198487279396,0.6218631832244758,0.6168301402511689,0.6202702805724869,0.0018353823793527688
kmeans_ecoc_agg,0.5499264435454212,0.5244665194996321,0.5655568312284731,0.646432179263477,0.49891869507201037,0.5570601337218027,0.05010631997001338
