Technique,Fold1,Fold2,Fold3,Fold4,Fold5,mean,std
parzen_ecoc_agg,0.09090909090909091,0.09090909090909091,0.09090909090909091,0.09090909090909091,0.09090909090909091,0.09090909090909091,0.0
kmeans_max_agg,0.20202020202020202,0.13131313131313133,0.25757575757575757,0.1919191919191919,0.16666666666666666,0.1898989898989899,0.041720962480936125
svdd_max_agg,0.24242424242424243,0.3838383838383838,0.398989898989899,0.3888888888888889,0.23737373737373738,0.3303030303030303,0.07399291544166642
kmeans_decision_templates_agg,0.1919191919191919,0.13131313131313133,0.15151515151515152,0.2474747474747475,0.16666666666666666,0.17777777777777776,0.04007441297955025
svdd_decision_templates_agg,0.12121212121212122,0.5555555555555556,0.2878787878787879,0.6767676767676768,0.14646464646464646,0.35757575757575755,0.22197874632499925
parzen_max_agg,0.1717171717171717,0.30303030303030304,0.29797979797979796,0.2777777777777778,0.11616161616161616,0.23333333333333334,0.07554853313662689
svdd_ecoc_agg,0.09090909090909091,0.23232323232323232,0.020202020202020204,0.2676767676767677,0.09090909090909091,0.14040404040404042,0.09380352942419312
parzen_decision_templates_agg,0.09090909090909091,0.09090909090909091,0.09090909090909091,0.09090909090909091,0.09090909090909091,0.09090909090909091,0.0
kmeans_ecoc_agg,0.09090909090909091,0.12121212121212122,0.17676767676767677,0.08585858585858586,0.10606060606060606,0.11616161616161616,0.03273101362832253
