Technique,Fold1,Fold2,Fold3,Fold4,Fold5,mean,std
parzen_ecoc_agg,0.0,0.0,0.0,0.0,0.0,0.0,0.0
kmeans_max_agg,0.12222222222222223,0.0444444444444444,0.18333333333333335,0.11111111111111116,0.08333333333333359,0.10888888888888895,0.04589305872902973
svdd_max_agg,0.16666666666666685,0.3222222222222222,0.3388888888888889,0.3277777777777777,0.1611111111111111,0.26333333333333336,0.08139220698583301
kmeans_decision_templates_agg,0.11111111111111116,0.0444444444444444,0.06666666666666665,0.17222222222222228,0.08333333333333337,0.09555555555555557,0.04408185427750531
svdd_decision_templates_agg,0.033333333333333326,0.5111111111111111,0.21666666666666667,0.6444444444444444,0.061111111111111116,0.29333333333333333,0.24417662095749915
parzen_max_agg,0.0888888888888889,0.23333333333333328,0.22777777777777775,0.2055555555555556,0.02777777777777779,0.15666666666666668,0.08310338645028956
svdd_ecoc_agg,0.0,0.15555555555555545,-0.07777777777777772,0.19444444444444442,0.0,0.05444444444444443,0.1031838823666124
parzen_decision_templates_agg,0.0,0.0,0.0,0.0,0.0,0.0,0.0
kmeans_ecoc_agg,1.1102230246251565e-16,0.033333333333333326,0.09444444444444444,-0.005555555555555536,0.01666666666666672,0.02777777777777781,0.036004114991154745
