Technique,Fold1,Fold2,Fold3,Fold4,Fold5,mean,std
parzen_ecoc_agg,0.5088256188862781,0.40704281942371723,0.2915280766973195,0.5363879897309968,0.3552028518078424,0.41979747130923073,0.09198645949726802
kmeans_max_agg,0.4096314548960789,0.5236978456503953,0.4416997617156473,0.4881066171450419,0.4917570498915401,0.47097854585974075,0.04031167175107228
svdd_max_agg,0.4218190091576134,0.40537040234847177,0.5055738644504943,0.44077127209079103,0.3755621335458529,0.42981933631864466,0.04350699504522388
kmeans_decision_templates_agg,0.45974265703892714,0.5294377554401855,0.4654372851764962,0.5571119805203688,0.4474409555207264,0.4918341267393408,0.04329582060337918
svdd_decision_templates_agg,0.4414186534632152,0.4098266213102161,0.40878415151844993,0.39603024574669177,0.398827616152844,0.41097745763828336,0.01614830771749526
parzen_max_agg,0.6167621776504297,0.6393438072503193,0.5624965766555294,0.5643810629301054,0.6115179484345207,0.5989003145841809,0.03043267259098348
svdd_ecoc_agg,0.1983890046752662,0.2301420526183071,0.2259916782246879,0.21382129979273745,0.24132934890881097,0.22193467684396193,0.014698293416982698
parzen_decision_templates_agg,0.613168273444347,0.6129298714171646,0.5751174991802381,0.5768519022478638,0.5936333160720613,0.594340172472335,0.01658869918336641
kmeans_ecoc_agg,0.12736007150039108,0.21898183678690197,0.21270161290322576,0.1922885296722764,0.1618985162718254,0.1826461134269241,0.034069350599986704
