Technique,Fold1,Fold2,Fold3,Fold4,Fold5,mean,std
k3,0.33589990375360923,0.32299012693935125,0.270912547528517,0.19050131926121372,0.27755102040816315,0.27957098357817084,0.05112851088369229
k1,0.3058769088385007,0.34126258005489485,0.37234042553191493,0.2161471640265713,0.3460240963855422,0.3163302349674848,0.05438089446643423
k0,0.22547332185886404,0.12863070539419097,0.3070469798657718,0.3397493285586394,0.29503676470588236,0.25918742007666973,0.07516332914278075
