Technique,Fold1,Fold2,Fold3,Fold4,Fold5,mean,std
parzen_ecoc_agg,0.3552690084481992,0.41306755260243644,0.3684910259251053,0.2996108949416342,0.45324704307074315,0.3779371049976237,0.052237536914071424
kmeans_max_agg,0.5553085047248472,0.655632081759609,0.5985727029438002,0.6103751530669042,0.5451015200266283,0.5929979925043577,0.03992653705851961
svdd_max_agg,0.6216757538666964,0.688646725230735,0.7328286763887344,0.6228089638340358,0.621759928801869,0.6575440096244141,0.045626123187002404
kmeans_decision_templates_agg,0.6556320817596091,0.6776703345559631,0.6211699164345403,0.5998221431747444,0.5996886467252307,0.6307966245300175,0.031092580833652607
svdd_decision_templates_agg,0.6445629234699545,0.7219750889679715,0.7216965379049315,0.699766485043923,0.6550573049961056,0.6886116680765773,0.032858312768205396
parzen_max_agg,0.6886120996441281,0.7106288258208124,0.72166555332888,0.6778135762693034,0.6549421193232413,0.690732434877273,0.02368570710960557
svdd_ecoc_agg,0.31019136626613275,0.36694802310084407,0.23486360612109125,0.2765720645520311,0.13983237759153078,0.265681487526326,0.07634446343558586
parzen_decision_templates_agg,0.6666666666666667,0.7106610282661918,0.6880917901303332,0.6554789953322961,0.6884735202492211,0.6818744001289418,0.01917741815647756
kmeans_ecoc_agg,0.2471213463241806,0.43207126948775054,0.2831541218637992,0.2887308290731275,0.2975022301516502,0.3097159593801016,0.06353580027522826
